-1.432605,11.159301,3.909973,0.294750,-8.969246,-10.812823,-4.725913,5.117106,1.579793,3.607825,-8.973497,11.029671
-2.663401,9.696590,5.193260,3.627536,-6.853623,-3.973041,-9.367641,12.763861,3.273635,2.447136,-11.730095,10.363142
-6.411401,9.301462,1.003920,3.492594,-7.068545,-6.040890,-10.566094,9.882453,4.105750,5.328540,-9.847345,10.557912
-0.713717,4.964882,-9.165397,-1.351095,2.630710,-7.907428,2.118451,-4.275850,-7.904174,7.482799,8.751637,3.362215
1.027752,7.281670,-7.264966,-1.128725,-0.737953,-8.903247,-0.009918,-8.944351,-9.546350,7.999398,8.236684,7.100836
5.433908,-6.561942,-7.736059,-9.197252,-3.623482,1.665728,-0.331332,-2.535567,2.885738,-8.275574,-2.477779,-5.387798
-4.363904,9.491024,6.590274,2.975358,-6.500464,-4.878017,-14.244792,8.679274,0.714149,0.500186,-8.565905,12.145514
0.968505,8.371801,8.304993,3.601473,-5.915494,-6.142643,-8.050733,3.468178,1.464533,5.851767,-9.686104,6.587817
7.202016,-5.736106,-9.505264,-3.620764,-5.136870,1.504095,-4.487168,-6.534337,5.107233,-7.904727,-1.250556,-2.829224
-3.055423,10.824525,-2.504672,0.221652,2.363038,-10.332685,3.015602,-8.023881,-12.763676,6.334599,9.354826,3.905812
4.464610,-5.482541,-4.374606,-5.039897,-8.658474,4.579268,-0.770540,-5.728415,2.551314,-6.857743,-5.490804,-2.276930
-1.556482,10.025226,6.760299,7.492490,-6.094795,-7.898037,-8.889476,3.785371,0.632874,3.342887,-10.636487,9.702907
-5.544945,8.300228,6.420645,3.123580,-5.878296,-6.780562,-8.824201,6.002881,3.419957,5.003397,-8.604272,8.346127
-4.414914,5.102171,-5.079921,-0.381406,1.296500,-11.519796,3.283979,-7.886456,-13.011859,8.235196,11.274940,5.394088
6.529201,-4.766097,-5.781707,-10.322973,-6.157643,2.353949,-1.625373,-5.222880,-0.480090,-9.369595,-8.200704,-2.875325
1.291844,5.780630,-6.973842,-0.208760,1.511452,-7.863700,4.900120,-5.870156,-6.324813,7.048131,8.483380,4.719342
-1.288765,9.328232,3.466816,2.421602,-5.450408,-10.979992,-6.520180,6.651013,2.873280,6.555945,-12.331658,7.979315
-1.100185,10.592400,4.807532,4.794088,-6.060102,-8.602285,-6.031588,8.719329,1.136212,3.202466,-8.995159,10.324567
-4.628615,8.063496,-3.902102,0.479557,1.394406,-8.270992,6.728478,-10.115991,-7.134913,7.154476,9.272804,5.672187
-4.069596,11.675436,2.246302,3.760565,-5.093719,-3.220869,-9.657701,8.748167,6.585604,2.926168,-12.658391,5.638177
7.097532,-3.945183,-6.958465,-3.707942,-3.273584,0.883233,-3.901222,-3.601505,0.573148,-8.486688,-5.787858,-4.805233
-3.267453,8.607125,3.476517,-0.056344,-8.178182,-9.327990,-8.770161,5.783576,2.489872,1.049660,-8.926550,11.065255
4.631955,-9.925014,-9.307575,-9.079579,-1.158216,0.726778,-0.581891,-8.616259,-0.158875,-5.435963,-3.583559,-2.967174
4.334620,-8.419474,-9.466525,-5.007806,-1.537961,4.193853,0.325111,-1.849740,1.077025,-9.522954,-2.456948,-1.837402
-3.193432,1.741846,-6.083172,1.922221,4.061840,-8.241423,0.224104,-10.453648,-12.212706,6.439746,7.534921,5.848450
5.432400,-5.026987,-5.741281,-10.111208,0.115395,3.076418,-2.155490,-6.379957,2.932181,-7.036727,-3.445769,-2.289608
5.729539,-7.912903,-7.590676,-5.939428,-2.823582,-3.848014,-1.377326,-3.859239,1.681969,-4.627575,-3.313547,-0.052379
-3.929925,4.509575,-4.366237,-0.650789,0.251879,-7.033917,-0.428103,-7.192677,-8.041680,7.830071,10.878952,5.030193
3.384823,-7.563113,-9.977583,-6.881600,-4.007678,0.723332,-1.237333,-6.030524,1.856576,-10.205016,-1.430649,-3.280015
4.568465,-1.862828,-10.005673,-7.527245,-3.174731,1.663757,-1.562051,-4.290199,3.058158,-7.672262,-1.370745,-0.994065
-3.687927,10.713490,5.353910,0.587350,-5.080427,-6.265511,-7.212604,8.582781,0.364310,3.041089,-8.093723,10.618938
6.655148,-3.293237,-4.398134,-9.132051,-2.740630,0.083873,-1.195434,-5.631761,5.733332,-5.129999,-5.636649,-5.341984
3.096829,-3.625336,-5.858363,-3.562846,-3.026758,2.697775,-0.428009,-1.482966,3.281559,-7.405953,0.387762,-0.894689
-1.496520,1.494354,-5.730368,-3.487569,1.954410,-7.340412,1.197144,-3.235286,-11.619970,11.360232,10.662915,2.735880
5.106452,-9.301157,-7.735600,-7.566334,-3.701040,-0.195165,0.014766,-5.401384,2.122976,-4.842148,-3.473457,-2.792838
7.929939,-5.507061,-6.589757,-8.930343,-3.449582,-1.018399,-5.740943,-1.786233,4.153830,-7.106801,-3.698958,-0.524127
-4.899034,3.055617,-2.391263,3.567546,1.979869,-5.745129,1.830748,-7.076338,-8.585947,8.727868,8.882248,8.454743
7.449325,-5.349912,-8.423445,-6.239751,-6.062532,0.657294,-2.322396,0.903346,2.157269,-10.018602,-4.425467,-1.634046
-1.751126,7.799753,-8.143566,0.975517,1.079928,-10.595259,7.322847,-5.751416,-7.472437,11.253264,6.469941,9.672531
8.110854,-4.676348,-4.932032,-1.543186,0.455035,-0.878302,1.886670,-3.409081,3.235250,-10.594664,-4.497879,-4.298410
0.527680,10.700380,-6.462536,-2.529266,2.652828,-6.429000,2.366925,-8.402815,-6.782980,10.304802,7.260479,6.930798
-5.184427,5.641946,-7.130385,-2.573120,4.226744,-7.736501,2.094461,-3.860865,-7.373896,7.331999,7.234200,7.803910
0.691770,2.148157,-4.577033,-0.182759,3.263207,-7.517128,5.366727,-3.882610,-6.005825,11.865051,9.895399,6.232317
1.607053,7.157855,-5.874741,3.614974,1.312760,-6.425585,2.502045,-8.639019,-5.002888,10.959132,9.070599,7.622289
4.925447,-5.693155,-10.668268,-4.578999,-7.038142,3.501968,-2.021340,-4.598751,0.981590,-7.786201,-1.320044,-7.648380
5.451978,-7.686394,-6.499748,-5.603969,0.271241,-2.528638,0.957662,-2.229214,0.678872,-6.803651,-5.072374,-2.301386
0.306059,5.902147,-6.787342,1.316977,0.543235,-10.293346,1.094909,-3.883379,-15.141001,9.768908,9.381184,2.806206
3.105473,9.371312,-7.742369,1.398964,3.346856,-10.265949,-0.840186,-6.614114,-9.044659,8.106182,10.197274,4.666488
9.135664,-3.297157,-7.033107,-9.919752,-5.048565,-0.704514,-2.675370,-5.570855,0.930132,-7.983206,-5.428189,-2.256118
3.654338,-3.191339,-7.694345,-4.888103,-6.455152,1.832809,-0.017210,-3.407013,0.248201,-6.711026,-6.523219,-3.178290
5.230811,-1.846700,-7.415260,-5.976410,-3.114192,0.757259,-1.515987,-6.566005,5.138913,-3.595729,-7.522424,-4.720820
-2.706374,9.051985,6.056308,2.439602,-4.973354,-6.305861,-10.063203,8.046530,-0.265152,4.378571,-9.654770,8.981963
-0.575786,5.118148,-7.242845,2.081712,0.196626,-5.378200,6.017617,-6.076016,-8.721998,11.039030,11.502238,4.555964
-4.021440,3.838777,-10.578079,-1.280494,3.381068,-9.898782,3.072492,-9.634186,-7.103018,7.867492,9.336980,5.982198
-2.550341,3.511778,-0.469777,-0.218415,-2.002843,-6.083572,3.373039,-8.122450,-10.565206,10.324656,8.818804,2.315991
-0.384057,7.476678,-8.908977,-1.563848,4.274650,-8.005208,0.916326,-4.185020,-6.285897,9.515816,7.512320,5.341050
-2.730528,7.221002,6.323846,1.234755,-12.693604,-7.629754,-10.915415,4.060971,-0.452553,4.380268,-6.931028,10.024566
8.287599,-4.905439,-8.295066,-7.409057,-4.848673,-2.470840,-2.996464,-6.443078,1.412100,-8.687518,-7.411117,1.372417
1.865942,5.987608,-7.352335,1.610371,3.634668,-7.787203,0.091505,-7.557552,-8.707114,8.895191,10.812132,2.138144
4.259807,-5.181611,-8.053809,-5.225132,-3.983006,-2.694383,-0.519700,-5.331259,3.999351,-7.207471,-3.366265,-4.587901
-3.711933,9.653850,1.453891,2.854119,-6.918903,-5.775130,-8.390499,10.051804,2.272749,3.302640,-9.343715,10.484793
-0.428061,6.917044,-3.185140,-0.334733,0.699318,-7.327587,3.169924,-6.964178,-5.916052,8.553222,9.378188,6.210392
11.298251,-6.811111,-4.448891,-6.544091,-1.448343,0.479751,-2.136851,-1.563273,1.253934,-10.035574,-5.190801,-1.434697
3.941343,-4.284264,-10.517740,-6.802458,0.376495,-2.594743,-5.325029,-7.173780,4.033777,-4.960569,-5.182285,-1.306338
-0.496352,3.404104,-6.393743,1.773862,3.132186,-9.611527,2.586333,-8.238818,-7.291984,8.822068,8.760738,5.444499
2.597370,6.561455,-5.329008,0.027892,1.711719,-9.597839,1.546358,-5.527783,-10.570631,6.825923,7.066251,10.259256
5.664939,-3.097104,-8.309030,-5.518666,-4.260413,1.772483,-1.488247,-7.077273,2.388211,-5.112395,-4.215540,-1.122533
3.853242,-3.348065,-6.003672,-4.656249,-4.119145,-1.189737,0.140646,-2.866555,4.181172,-7.236732,-5.356751,-5.790337
2.839503,-2.864393,-8.818861,-7.514466,-3.198466,-1.897987,-4.348119,-8.423312,3.679052,-8.300495,1.697433,-4.661473
-2.458635,7.089150,-6.573938,2.665639,3.892217,-8.648573,1.471837,-4.667653,-7.405159,7.608830,6.657043,5.590881
-4.583690,8.633609,2.888642,-0.792430,-5.027272,-3.061276,-11.635463,8.449461,0.721015,3.187201,-10.773098,7.670216
6.008083,-9.312016,-8.243436,-5.378608,-0.483340,0.300078,-0.705477,-2.270461,0.615270,-6.476495,-5.638087,-0.943114
-6.815883,11.208592,3.682204,0.247618,-5.492669,-7.664135,-6.718455,8.557535,3.389439,1.429540,-7.164422,9.920698
-0.158148,6.786162,-8.007783,-1.425502,-0.563753,-10.842933,-3.549163,-5.500353,-4.590580,9.273352,6.480103,4.882394
8.663167,-4.717228,-6.311091,-6.939038,-4.076990,-5.845723,-0.939898,-5.152369,5.422398,-7.171435,-6.535034,-2.772523
5.180386,-6.036277,-3.166857,-4.864814,-3.897588,0.019762,-1.207881,-5.198944,-1.972441,-3.125767,-3.846457,-1.876469
-3.568718,10.040821,4.834034,3.910460,-8.283733,-7.535434,-9.622544,4.396493,2.614541,4.683562,-9.578083,8.929023
-4.012519,6.517700,-2.100405,-1.705024,0.328687,-10.491023,2.410893,-8.715590,-7.856473,10.671391,10.381335,2.631116
-0.708400,9.916737,7.006866,-0.382912,-3.545179,-3.833632,-7.367084,10.887121,-1.290946,3.112555,-11.058917,10.841156
-6.496669,9.762399,7.095217,-0.446112,-3.534482,-6.042072,-10.248351,7.211985,3.138954,4.313462,-8.510798,7.556850
-2.562240,7.250537,4.313745,0.483364,-8.229984,-7.169147,-10.423168,6.707600,-1.764929,4.588039,-9.585899,7.764020
3.041352,-5.090276,-5.634378,-7.692257,-6.483929,3.446887,-0.378209,-4.633579,-0.037008,-8.853752,-1.551926,-2.397439
5.123814,-3.680612,-7.554571,-4.530844,-0.516283,-0.308461,0.001625,-6.482802,3.746524,-6.811275,-3.211030,-3.963907
-3.929744,3.395192,-4.296121,0.813269,4.475856,-9.101935,0.414946,-7.016704,-11.764336,6.720529,11.257529,7.913522
-0.298146,11.388347,5.917339,-0.312840,-3.612764,-9.172800,-8.233057,5.814971,1.894024,4.818976,-8.945596,10.242039
4.677245,-6.321528,-3.973975,-4.542615,-6.660874,1.198088,-5.317550,-4.081547,6.032592,-9.105908,-5.825753,-1.144704
8.721028,-8.599168,-8.303749,-7.127025,-1.439848,1.254664,-3.297191,-4.796033,1.008412,-8.629701,-2.199328,-5.416249
4.290115,-5.408709,-5.020438,-3.275847,-2.140147,2.016822,-1.240928,-3.398793,4.736068,-9.875678,-4.855986,-4.217901
8.333881,-4.243300,-10.247218,-6.339518,-7.095439,-0.834174,-3.166717,-2.556888,2.470718,-9.781305,-2.396975,-5.540375
-4.419443,9.861484,8.764929,-0.161896,-6.831188,-4.055668,-8.997611,8.228267,-0.102487,5.018066,-9.962599,11.369657
-2.679497,8.542431,-7.837478,0.537607,0.842554,-6.713260,4.773222,-4.861378,-8.086699,8.515592,6.928891,10.055005
8.583209,-4.765263,-7.088196,-4.848265,-4.099092,-1.668700,-2.167675,-4.006363,4.057489,-7.577179,-6.575504,-2.559280
7.549844,-6.276734,-5.251618,-10.141799,-4.782902,3.939439,-2.895235,-5.383094,1.341135,-9.639735,-8.573669,-3.133936
-1.997138,10.979668,7.970828,4.001910,-10.561376,-9.439264,-10.087965,7.375705,3.057618,2.709964,-9.214777,7.887431
1.175702,7.320238,-6.245842,3.313250,1.412280,-9.133515,2.490846,-5.185871,-7.425152,8.027460,8.246653,7.447753
4.294929,-2.112130,-7.496290,-4.668676,-3.496215,-1.473939,-1.373009,-2.607412,1.860535,-4.823897,-2.114076,-0.834933
5.989874,-2.403498,-6.913105,-10.734397,-7.912933,0.563188,-0.133558,-3.424505,2.572198,-4.885604,-5.236289,-0.882942
0.551873,4.916817,-9.180900,-0.129943,3.095343,-5.460158,-0.245019,-7.442660,-9.477775,11.689321,9.242758,4.353294
-1.735237,5.682589,-8.274867,2.343050,-1.739996,-7.991463,1.497825,-8.931367,-8.294201,5.863809,9.392068,3.322193
-3.154557,8.512620,7.296267,3.085630,-5.967852,-2.550105,-10.125364,9.179203,2.136326,4.698636,-6.531373,10.413869
0.837707,11.695208,2.040716,3.632635,-5.256834,-9.176636,-7.200772,10.399387,-0.222789,2.326446,-7.552987,9.941188
2.321595,8.760182,-4.492460,-0.220561,-4.634736,-8.476672,2.147240,-6.309553,-8.591173,6.325186,10.427458,7.432380
1.503581,5.409812,-10.446080,-2.514674,1.349552,-11.397077,1.324049,-6.524725,-5.774459,8.396803,11.457724,9.025467
-0.224611,4.033270,-2.700698,4.440244,1.782241,-10.078292,1.806147,-5.160054,-6.143255,10.118685,9.516087,9.163971
-1.406245,9.695465,5.421271,-0.679775,-4.784992,-4.540930,-9.297109,7.236569,-1.039915,5.189961,-8.444195,9.273815
11.256130,-8.712106,-3.845034,-4.039028,-5.861913,2.509395,-0.688810,-4.630370,0.589187,-8.648342,-0.057483,-2.671397
0.621850,8.882786,3.529480,5.735484,-9.775655,-11.277722,-7.958299,6.319414,-0.020165,5.578164,-9.100709,8.270040
-2.351927,5.017885,6.472534,2.666147,-4.883607,-12.672620,-4.661578,7.044344,4.238666,2.081640,-8.362762,7.291366
-2.365124,8.589868,2.736042,2.128131,-6.364122,-9.363631,-8.169975,7.013005,-1.793315,2.440682,-10.415521,13.173572
-2.747788,5.858690,-3.213004,1.174625,1.910418,-9.394526,2.812631,-5.089984,-7.480490,8.313981,9.962204,7.127826
-2.970930,11.920807,1.962667,3.359007,-8.091349,-3.441354,-4.853297,5.790210,0.923186,5.880627,-10.362571,9.307375
1.098617,4.941244,-4.799098,3.087689,-0.569426,-10.202866,1.999555,-3.514415,-10.015734,7.788703,10.268922,5.013490
-4.888021,12.299632,2.838637,3.249954,-7.536864,-5.673735,-9.926556,6.997937,2.104139,2.157077,-8.106661,8.371770
9.430798,-8.465158,-6.755071,-8.416453,-2.774313,-0.167734,-2.398433,-2.469014,2.295919,-6.176834,-6.119759,-5.482397
7.086781,-7.436861,-11.234125,-4.963583,-5.544667,0.847430,-3.860740,-4.705892,2.304496,-6.672936,-6.386751,-0.278941
8.303084,-5.437269,-8.907339,-5.909117,-1.789841,-0.256139,1.341129,-1.589927,5.564524,-6.599637,-2.982324,0.155611
0.290448,5.167241,-5.673249,2.404589,-0.540082,-11.096281,-1.719963,-7.687835,-6.038103,8.736536,6.632391,5.196589
-1.681019,7.122718,-4.150493,0.701673,-2.860674,-9.034487,4.611817,-5.534556,-7.807290,5.533197,7.871731,6.990662
5.671081,-2.575337,-8.847994,-8.583084,-6.107596,0.359386,-0.497836,-2.696066,7.381049,-11.708988,-2.939636,-3.787024
-0.557564,10.851195,2.148444,2.083038,-8.298787,-9.397119,-9.272362,6.706557,6.875733,5.027371,-12.343545,8.268649
-1.832205,8.183710,5.905443,6.514555,-6.515895,-6.383668,-9.757050,5.623834,3.682972,2.449284,-9.445178,8.442882
-4.173909,9.957117,3.535433,3.239033,-6.473781,-9.911598,-5.743317,10.915278,0.796723,3.386048,-9.016579,10.067111
-1.258182,10.784749,3.455167,2.220265,-2.971312,-7.891603,-10.956143,10.286850,5.947475,4.168843,-7.565384,12.081149
-6.250781,8.311259,4.676716,5.326044,-6.225772,-7.318311,-7.179517,2.901252,2.493529,5.703182,-12.545483,11.685705
-0.793878,8.694409,4.601846,-0.031889,-6.916653,-7.457427,-8.192891,5.669061,3.060993,7.226929,-9.805830,10.201620
-2.167467,8.646319,4.676747,2.668333,-7.959147,-8.436719,-8.446637,5.366777,2.838806,0.756284,-7.529999,10.343392
7.239318,-6.229685,-7.184538,-2.694113,-1.560785,0.768622,-5.969523,-4.897436,7.643113,-7.671446,-1.950672,0.211122
-2.170476,6.186857,4.417427,0.165354,-8.350687,-4.407923,-6.655708,8.541799,-0.162325,3.528635,-7.162115,9.681631
8.055138,-4.686803,-6.032693,-9.095945,-4.882389,2.178690,-3.463540,-9.238956,1.782846,-7.493638,-3.885980,-1.215726
7.309080,-7.381239,-7.094855,-5.323368,-2.872256,3.169067,-1.525607,-3.562515,1.361583,-6.846143,-3.278135,-2.869383
6.220552,-4.078909,-7.005819,-9.503161,-1.635019,-1.179052,-1.478540,-3.282344,2.636279,-5.021764,-3.199101,-4.395382
-2.418054,7.711085,8.927767,3.241008,-10.929912,-6.507201,-10.161901,9.028390,0.437259,3.931979,-8.578336,11.129707
2.199684,8.848316,-6.570776,2.746095,-0.049614,-10.884797,-2.550015,-3.243781,-10.426928,8.724646,7.491992,7.558277
-1.078435,10.450658,5.516830,2.012403,-5.533905,-5.696481,-9.546409,6.176319,2.226013,7.259492,-12.066524,6.463147
-1.293405,9.387504,3.747012,2.361350,-4.732364,-8.933140,-8.572388,5.923281,4.412393,1.115078,-10.706154,10.152621
1.456884,4.153429,-7.715511,-0.521443,2.392765,-9.185533,3.247031,-9.268496,-10.183741,8.745717,13.108415,5.940322
-2.083849,5.707085,-8.124948,-0.715833,0.816058,-4.821879,-3.396733,-6.948757,-5.247581,9.221400,10.819476,6.367600
4.627656,-6.783655,-3.303110,-5.002055,-5.764283,-2.700070,-2.015134,-4.602331,3.229456,-8.280756,-3.134108,1.197545
-3.599036,9.812558,4.564609,4.179773,-6.651172,-6.579506,-9.565552,7.209632,2.637904,0.741115,-12.284681,10.884725
-2.643554,7.582766,6.003983,4.947662,-8.039734,-6.401301,-7.838958,8.267527,2.174211,5.646816,-8.623812,6.922872
-3.484410,8.149170,5.428783,1.131201,-6.300077,-2.729308,-7.096078,6.671476,4.424728,3.345301,-13.664559,7.382024
-1.629868,3.093885,-5.123199,-2.582771,0.173480,-13.284770,-0.697019,-6.232459,-12.628040,6.015419,9.307903,5.080733
4.652239,-4.715632,-4.636444,-5.988971,-1.609859,-1.939679,-0.425199,-6.515979,0.008895,-8.471984,-6.041227,-3.768755
0.888613,2.971123,-8.169351,0.956383,2.881085,-11.561094,1.385262,-7.801685,-9.672321,10.864906,10.725652,6.129703
-2.892990,6.039980,-10.329132,1.249756,3.168977,-7.575899,1.360803,-5.971424,-5.851060,11.805250,9.254295,6.446586
-7.452487,7.420496,5.794023,1.567079,-6.137335,-8.088080,-8.665148,7.012168,4.357864,4.670293,-8.913105,8.574443
-2.849567,8.107830,6.032654,3.883780,-6.702813,-3.925049,-11.121706,6.936204,0.588656,0.428378,-9.753671,9.154702
-0.116111,5.622307,-6.198949,0.802550,2.921906,-11.570122,5.018164,-10.308844,-10.068592,8.789173,10.137353,9.320292
-0.316259,7.762932,2.001384,1.567208,-8.479704,-7.007159,-6.363451,6.408920,1.936653,4.277497,-7.891448,4.904418
6.011356,-7.812841,-6.610189,-5.713815,-5.226531,0.023706,-3.240026,-1.936927,1.648146,-4.304612,-1.099611,-2.834855
8.557023,-3.316257,-1.959473,-7.044094,-3.696012,-0.337748,-1.357146,-1.109670,-0.452971,-8.932222,-1.402745,-0.632690
-5.698053,7.815536,4.650366,2.067131,-7.779758,-5.634410,-10.973569,7.038764,2.262891,5.190329,-8.165080,7.148913
7.095415,-8.150002,-4.195104,-5.911304,-3.518368,0.476764,-2.396615,-3.739813,3.188235,-10.703914,-5.234629,-3.182657
-1.222683,8.579858,-5.676044,0.309732,5.122715,-11.933701,-0.420301,-9.821210,-7.953672,9.310697,12.398113,6.654897
1.237398,11.174382,3.745235,4.535202,-6.743916,-5.174562,-7.868862,5.630810,0.735201,6.221373,-10.257861,8.590900
7.263660,-7.402442,-5.810299,-3.940949,-5.108413,4.691007,-2.412361,-4.110603,0.892087,-6.763581,-7.641550,-3.764847
-4.368121,3.592871,-6.654342,0.708447,3.869050,-9.962507,0.386976,-9.474947,-7.738841,11.744100,11.845301,7.587812
4.132297,4.800237,-2.216227,-0.241634,-0.896528,-9.682257,4.247305,-8.265870,-9.899645,10.164790,9.318761,7.337193
-2.790717,10.338793,-8.821111,-2.311519,4.476745,-7.644459,0.098967,-5.374939,-5.763267,8.917185,14.510286,2.719823
1.299076,12.266204,9.077439,1.655079,-6.288378,-9.913395,-5.884459,4.987964,2.455851,1.966847,-10.766044,7.723672
3.069557,6.458046,-6.380979,2.350004,4.755972,-10.030921,0.707759,-6.311805,-7.035970,10.573893,6.464305,9.991159
-0.445222,6.294850,-5.199925,-3.366627,1.245239,-12.039870,4.707459,-6.711217,-9.085650,10.771305,10.157290,3.910678
-1.861084,6.718903,4.810298,-4.009102,-7.253420,-10.141056,-6.426339,8.878338,2.955642,7.203464,-11.486143,12.892923
-3.736003,8.409347,3.863525,2.314002,-6.558479,-6.874018,-7.964451,9.704815,3.921409,1.191656,-14.696152,11.266837
0.748033,6.254083,1.233114,1.862074,-6.111496,-6.945499,-12.973212,7.145283,-0.586639,5.500797,-8.855114,7.518437
-5.315740,10.541075,-3.015608,-0.284562,-2.095887,-8.494935,-0.736954,-5.699810,-7.875837,7.094904,11.554575,7.779096
6.948049,-5.557563,-5.491489,-4.644231,-3.129887,1.402300,-4.525546,-4.074962,3.196073,-5.752240,-5.541809,-3.990842
-4.389476,4.313221,-5.060233,-1.121134,1.372677,-8.138129,3.192276,-8.748583,-6.704849,11.232411,7.052941,4.520273
-0.581439,13.435332,3.524895,-0.766436,-7.056191,-1.720691,-10.445677,10.601757,5.377702,3.054275,-8.450344,12.654990
7.407159,-3.292773,-7.557449,-11.112519,-4.739597,2.322076,-0.285840,-3.319045,1.677071,-9.768184,-3.126518,-4.341327
-4.265163,7.360525,4.186921,2.707901,-5.052458,-8.486467,-5.852951,6.781276,1.979566,2.667028,-14.436791,11.166288
-1.013155,3.554197,-7.571232,1.991019,2.343252,-9.090321,3.908825,-5.628300,-5.805842,8.057992,8.453371,3.565728
-0.578329,7.128483,-3.943763,1.061060,-0.092251,-11.776724,2.448458,-6.932030,-8.524185,8.945603,14.479788,3.507494
-2.951126,9.068058,5.056644,-2.110300,-7.373982,-8.244078,-10.841568,6.761322,5.617673,5.443137,-10.730668,10.543363
-1.136355,4.685332,-5.035805,-1.413521,2.459623,-10.533501,0.355578,-7.864492,-9.449783,8.880051,9.783552,-1.208784
-2.139517,8.977684,-7.566812,1.755227,0.729964,-9.991605,4.211396,-7.349591,-9.508559,11.243320,12.507435,7.457327
-1.128910,8.211845,5.088064,1.998354,-6.684275,-8.426129,-8.789307,8.319519,4.924587,6.079993,-5.281945,7.863502
-2.179676,9.116062,4.986562,2.461076,-7.326032,-3.900383,-12.040136,5.666529,1.815791,0.875074,-9.940019,12.721137
5.473140,-5.291996,-8.630343,-5.632062,-5.705864,2.620836,3.314556,-5.896931,3.305474,-8.663607,-2.075199,-5.203280
-3.622759,8.063403,-4.542728,2.793726,3.449695,-4.951302,3.268345,-6.902472,-8.013115,11.464649,7.753890,4.864170
5.733156,-6.071942,-7.104666,-9.028004,-5.344516,1.537688,-0.717743,-3.839298,0.246761,-7.573129,-8.511237,-2.315810
0.517702,10.275909,2.591505,5.681355,-4.437560,-5.715914,-9.291296,5.404644,1.277887,6.338949,-5.819138,12.484684
-3.108551,8.913877,9.881465,-0.250764,-3.951273,-4.886392,-8.277055,10.840764,2.766511,4.939770,-9.694551,11.845335
1.826125,0.973808,-1.902378,-3.127229,0.594106,-9.152827,1.857936,-4.576695,-10.814641,9.499244,8.156216,6.758229
6.795247,-6.053704,-3.980086,-6.499346,-6.154247,-0.291931,-1.003710,-1.716988,3.443247,-8.911193,0.813273,-2.143213
-5.384187,6.375456,-6.552213,2.225039,-0.348527,-10.309238,-0.862153,-8.598099,-11.062932,10.969658,7.916117,6.416298
-1.187900,2.076932,-6.045161,0.487949,4.182727,-5.894097,0.780923,-4.987154,-7.168164,11.124536,10.310020,2.282952
-2.273329,7.979820,-7.064357,1.839881,-1.069225,-8.600721,-1.818479,-7.123792,-7.818260,7.935774,7.211765,7.860184
-1.745327,9.874369,6.700446,2.450748,-7.397711,-7.272809,-8.981530,7.249078,3.477559,4.265343,-8.123030,9.236764
-1.590470,8.999274,-5.869880,0.537314,6.460185,-11.869676,3.743758,-3.261545,-9.348684,10.696972,7.348602,4.794482
-4.509860,7.658796,5.667695,2.332333,-6.178367,-5.901735,-7.568885,9.542923,2.841938,3.678936,-8.243163,13.197961
-1.197396,9.403759,4.602461,1.196133,-4.631402,-4.985057,-10.384083,8.137627,0.078987,1.402215,-10.841745,11.122984
-2.262788,10.117257,4.727084,5.363272,-8.124926,-6.490895,-10.323269,4.683478,0.798762,4.087378,-10.446915,8.013355
9.506568,-8.701482,-7.535356,-5.673696,-1.409470,-0.401321,-2.745600,-8.113263,2.443934,-3.125971,-3.602390,-2.717321
-1.942888,4.926383,-8.254281,1.040781,6.768035,-7.507997,0.422327,-4.318276,-9.332327,11.726681,10.925993,0.281664
-4.439852,8.708988,-4.454067,-0.683178,4.322653,-9.579944,1.234847,-5.638848,-10.825677,11.020960,7.200661,4.067837
9.857531,-6.323406,-6.086210,-8.504162,-5.651677,0.690755,0.846767,-4.687979,1.765225,-8.023893,-5.226620,-2.082820
3.188327,-3.085446,-1.368670,-6.239897,-5.197384,6.143790,-3.999037,-4.135204,2.596302,-4.519828,-3.437629,-3.670031
8.372125,-5.475097,-9.517494,-7.937559,-4.063101,0.343797,2.583985,-6.947393,3.248236,-4.231897,0.385792,-3.481558
-2.001718,9.949672,6.811451,2.169136,-6.263526,-7.663407,-8.300074,6.637138,3.265444,3.422231,-8.834109,9.339671
-5.547890,3.349975,3.737561,3.076651,-4.479104,-7.806432,-9.661181,9.631324,-1.717183,3.384410,-9.207462,10.296634
-1.389617,11.175848,6.307723,2.891530,-7.019959,-10.202031,-7.979091,7.738898,2.565458,1.607954,-11.750423,11.504503
5.476023,-6.992762,-8.181040,-2.962860,-2.230560,0.541521,1.340932,-7.200475,-0.424352,-11.566058,-5.555936,-2.349366
2.965057,-3.969083,-7.543285,-4.934532,-3.864733,-2.591108,-1.032510,0.217029,3.223031,-7.325158,-2.006420,-2.251426
-3.808550,4.366609,-8.002714,-3.223881,2.037347,-5.458814,7.484707,-6.395206,-6.465606,9.441900,10.310407,5.483650
-2.728770,4.803115,-5.858797,2.671862,-0.832686,-9.710644,2.439517,-10.256929,-10.366165,7.617934,7.720700,6.551726
8.828663,-6.895586,-6.275843,-4.420304,-4.883672,0.403271,-1.394236,-2.808768,3.418547,-7.650350,-4.029809,-3.416321
-5.069806,10.759201,5.940281,1.774818,-3.186353,-9.020279,-11.889378,5.939707,1.931128,4.648130,-10.070782,10.102308
-5.253000,5.787163,7.582219,1.554522,-8.217773,-4.800300,-10.049559,10.975542,3.378152,3.185629,-5.273694,8.186767
7.649334,-6.820418,-3.921858,-8.085457,-0.491075,-3.000144,-0.491559,-3.224556,0.645944,-6.361335,-1.598070,-7.106401
1.938639,5.452027,-4.663984,1.776737,0.593211,-13.177965,2.872409,-6.444941,-7.587316,8.524656,8.451785,10.184893
-1.189445,3.392104,-6.411736,2.244697,2.458593,-6.774810,2.834405,-9.186169,-13.740662,9.275328,8.884788,4.214055
-2.188140,4.682302,-5.846694,0.926549,-0.127440,-7.624916,2.321924,-10.020934,-10.556821,7.969453,9.166925,9.946505
-0.573549,2.600444,-1.577864,-2.410730,1.204786,-9.135954,5.976273,-9.239209,-4.731560,10.492064,10.146831,4.198680
-0.557300,7.028045,-8.084747,3.659785,2.338520,-7.617404,0.894598,-4.016753,-9.213073,9.532816,7.446429,4.174084
7.111745,-4.460239,-6.794836,-8.077832,-2.152340,1.937399,-3.193648,-1.464532,4.577455,-6.941530,-3.997911,-1.564648
4.936156,-6.976485,-4.126236,-6.305823,-4.273657,0.275118,1.223021,-5.673761,4.868074,-6.789130,-4.477946,2.329038
4.805951,-6.884004,-5.877231,-7.272316,-2.690491,-1.462048,-4.124283,-7.771847,-2.210090,-8.246261,-4.759068,-3.935637
-2.397946,7.030812,-3.887393,-0.825872,3.924316,-7.542565,5.606825,-7.528210,-11.270696,7.966731,9.730348,6.284372
-6.115477,5.846014,5.174132,2.990620,-10.042009,-5.090033,-9.804450,7.617109,5.246741,5.955130,-10.125371,7.615813
6.951659,-5.156314,-7.928698,-4.917845,0.254271,-1.520695,-2.040618,-3.712202,3.809870,-8.329215,-9.823168,0.045616
7.364176,-5.624206,-4.550412,-6.187406,0.200467,-2.381694,-2.391441,-4.428455,3.115963,-4.674202,-4.205904,-5.517222
-2.873057,3.585445,-3.799084,-0.484289,1.721512,-8.105411,4.318063,-7.256439,-5.659064,4.706111,10.832215,4.488892
-1.686915,5.707109,-5.771110,-3.058834,7.268955,-8.031250,2.570914,-5.359190,-7.280146,8.696604,8.050158,7.366848
-2.886760,7.592290,-5.703210,-1.762823,0.581112,-12.883465,1.974150,-2.168138,-7.089101,13.358545,11.077435,8.222906
-0.249711,4.985602,-4.546978,-1.577315,1.934353,-7.697276,-1.979709,-2.346255,-9.265272,4.927631,9.628828,6.234834
-3.571626,9.982039,2.435295,3.335889,-6.062413,-7.495727,-10.515499,5.550161,3.091935,6.619413,-10.862926,10.314970
-1.750180,4.020620,-6.962204,0.195476,4.532652,-12.939167,2.197058,-5.339710,-8.312071,11.597441,9.163950,5.798844
3.326686,-4.746714,-10.490307,-6.966611,-2.032791,0.878924,2.535586,-2.125199,0.929261,-7.155496,-4.251848,-5.837117
-0.085866,6.043015,-7.699520,1.500584,0.337294,-9.274965,5.044785,-7.911186,-11.844947,6.872616,11.301238,6.677409
7.325568,-7.738374,-6.322666,-9.263258,-7.453256,1.228621,-2.128849,-3.770856,2.201268,-9.162923,-4.247616,-5.138966
8.621606,-7.177164,-9.449107,-6.653172,-4.883503,-1.437364,-1.711857,-3.192406,2.218481,-6.596161,-0.530292,-3.358521
-1.094878,7.927720,-4.635944,3.088707,1.242521,-6.378792,1.764289,-3.646347,-8.742682,10.392173,12.262865,5.781092
0.070667,7.118703,-3.650019,1.100961,-0.902977,-10.018283,8.036994,-5.140535,-3.960394,11.768579,9.796245,6.770761
8.169865,-9.239113,-7.578638,-3.195545,-1.019562,2.372409,-1.713324,-4.009442,1.975206,-4.953643,-5.908792,-4.284362
-3.021557,8.531291,4.516350,2.932053,-5.130593,-8.179640,-11.244729,5.239434,1.047894,3.457609,-11.128302,6.805964
1.420253,9.084813,3.240428,2.401130,-7.104283,-7.322049,-7.609994,8.838538,0.961298,3.009815,-10.138414,4.794355
-5.538138,9.657473,8.149745,2.009973,-6.429099,-5.494664,-11.376989,10.728552,2.426958,7.425165,-11.054376,13.034321
-2.176293,9.999189,5.218216,6.883770,-8.155107,-7.942104,-10.084609,6.212569,0.747526,6.539485,-6.747302,8.256704
8.669402,-5.841941,-3.606566,-7.674934,-4.024712,-1.349697,-1.346374,-7.132511,1.261791,-10.082631,-2.769261,-1.239584
-6.812828,7.575979,4.217618,-0.001189,-7.142141,-6.726406,-9.288040,6.023518,2.359610,5.045333,-11.769108,12.220062
2.054284,2.885088,-9.071721,0.823301,4.147266,-12.219675,2.966277,-5.427518,-12.817289,10.574713,11.065852,5.544376
-1.665476,1.885124,-5.065558,4.229378,2.776794,-7.852721,3.295788,-5.795424,-6.835636,9.768458,8.687286,4.575969
-2.614007,12.422497,7.133662,1.849162,-4.976729,-7.613124,-12.246071,5.474591,5.148078,3.613465,-10.075078,8.798521
-2.510419,3.396107,-5.013255,1.554889,2.648631,-13.099118,0.417128,-6.648895,-7.724532,10.512325,9.601148,6.829515
4.045677,-9.459255,-6.613274,-6.300514,-3.477837,-0.397512,-1.762378,-3.440396,4.317920,-11.120220,-4.894986,-2.245146
0.238790,4.894242,-8.455299,-1.500858,5.316375,-8.302573,2.366417,-7.089305,-8.114670,9.538183,9.896978,6.397637
6.875765,-5.381543,-4.523758,-4.294063,-5.103577,-0.737158,-3.441497,-2.777786,5.134698,-7.840287,-4.639968,0.260802
4.886716,-7.177659,-3.990031,-3.459239,-4.391376,0.587134,-3.170328,-1.829904,3.567892,-3.327688,-5.913753,-3.428779
10.631959,-7.417340,-7.463731,-6.625961,-2.233686,0.910734,-3.946350,-5.239754,1.022349,-7.364565,-3.305420,-1.836352
-1.650826,7.733961,-5.790557,5.498407,2.235104,-8.951608,2.363263,-7.865135,-8.814641,11.233287,9.540582,4.581028
-3.724948,7.936041,3.543341,3.639838,-9.089353,-6.439027,-6.402409,6.297130,0.586462,3.700402,-7.228860,9.786412
-3.860614,9.082591,2.465387,-0.198481,-5.520881,-9.177698,-7.505703,8.248706,-1.429313,2.806322,-7.200091,7.435866
8.148653,-5.194682,-8.265322,-5.694868,-5.898548,-0.770632,-0.982443,-3.580929,-0.141407,-5.102151,-3.013094,-4.082220
-2.906929,6.381471,-6.471071,0.305780,4.128792,-11.431455,2.988306,-6.617464,-9.365941,10.748223,11.070669,4.274965
7.161194,-3.366596,-7.906982,-7.327833,-4.940223,-1.107927,-2.055473,-2.633813,0.129387,-6.354494,-7.560911,-3.795439
-3.389287,9.275767,7.522425,-0.898555,-4.553300,-6.859643,-10.801345,8.247730,2.420420,2.961018,-9.448706,8.627570
6.920572,-5.858228,-6.653258,-6.245828,-1.869472,0.114236,-2.509265,-4.737668,3.395751,-4.386069,-5.413395,-2.474896
-4.365946,6.017165,-5.444063,3.263888,-0.692433,-6.761604,6.885726,-7.345047,-11.280853,8.163762,9.340651,7.295523
0.443883,11.774469,3.388753,2.764777,-5.891567,-6.358762,-9.938938,5.980276,1.971192,6.506910,-8.501110,8.656968
7.577593,-6.854322,-5.730784,-8.102407,-3.553030,3.101685,-0.188768,-5.000245,2.751456,-7.691453,-4.141347,-3.323985
-2.855341,9.045444,2.447329,-0.906932,-3.690617,-8.574032,-10.821112,3.016743,0.744377,1.515272,-6.304280,11.417831
-0.715065,11.564036,5.942923,-0.302202,-7.282610,-6.893152,-7.640739,8.660204,0.553953,4.325443,-8.673749,12.309842
-1.264764,7.804158,-7.228527,1.877369,1.845048,-9.425328,2.648685,-7.371830,-9.557043,5.568139,8.816732,5.208011
-2.641357,6.592254,3.336207,2.067967,-8.600454,-7.649221,-6.825742,6.169739,3.693684,1.902038,-8.528702,12.281334
4.847510,-7.681618,-4.203389,-4.446333,-2.940545,2.638988,-3.119665,-3.478227,1.986709,-5.516359,-4.387555,-3.442649
-0.817647,3.909013,-7.312425,-0.814890,1.217759,-8.534891,3.581246,-6.691755,-8.666719,9.264323,8.280830,4.317162
3.691299,-2.408686,-7.838260,-8.000280,-8.447259,-0.206428,-1.816539,-2.744431,-0.561099,-10.250696,-3.255182,-0.659303
-2.784095,10.920035,7.864435,4.602999,-3.599698,-5.395855,-8.687460,4.119591,1.530175,2.474958,-5.246425,9.046425
-1.335483,13.395197,2.658806,0.840574,-6.680324,-7.887061,-11.939655,7.460649,-0.102307,5.108636,-11.427159,12.498066
1.234850,7.637133,-4.568187,3.924232,1.682113,-7.773228,0.982095,-1.684778,-4.731701,9.001472,10.085813,8.886542
2.269693,5.011705,-7.681286,2.076281,3.698855,-8.733689,3.503611,-6.664892,-8.231238,11.307693,10.563277,5.829398
7.361358,-3.230179,-7.697879,-7.797848,-1.723015,1.345771,-4.450974,-5.254027,3.009823,-5.534594,-5.515568,-8.501275
-3.863042,10.237639,6.701878,3.835730,-8.558062,-7.498534,-8.175801,9.274613,1.063952,3.790134,-11.800980,7.005784
-2.063531,6.357664,-7.170647,1.082777,-0.791863,-9.548497,4.722062,-6.703640,-8.415777,9.928228,11.653964,2.857498
-5.577426,11.569640,5.304507,0.476197,-3.777323,-6.648760,-6.479733,7.458560,6.143796,7.672133,-10.086238,11.341339
6.863269,-6.390910,-5.110631,-6.491727,-3.505004,-2.751636,2.415774,-4.503901,3.632232,-8.882306,-3.541087,-5.278453
-2.318579,3.855394,-8.513536,-0.145221,2.619791,-7.665672,2.632651,-7.920904,-7.960935,9.226282,11.184753,7.721820
5.865099,-7.788746,-8.418308,-7.078446,-2.626118,2.351620,-2.354163,-6.482402,2.772745,-8.857193,-5.193612,-0.022211
-5.339939,8.172995,3.954450,0.368615,-7.202199,-6.072008,-5.065956,7.672679,2.537401,4.012560,-13.425853,9.345169
5.547679,-4.733839,-7.992297,-3.330224,-1.209554,-0.438020,-2.618440,-9.411684,-0.726104,-9.889062,-3.886726,-3.325231
-5.896515,4.165986,-6.924588,1.448135,2.285728,-9.404621,2.126902,-8.545564,-11.693433,10.430734,10.700053,9.336936
9.034323,-8.268954,-4.900740,-5.151066,-4.199448,1.172503,0.697815,-2.430786,-0.048981,-5.569806,-4.286484,-2.527015
1.638968,7.175517,-0.420696,1.401161,-4.677708,-2.963415,-11.297427,8.316921,1.091679,3.949555,-4.299623,6.392256
8.446191,-5.677825,-5.044438,-2.798886,-1.837943,0.681445,-2.383078,-9.282516,1.900288,-7.862148,-3.376375,-2.980574
2.196193,8.531740,-10.981438,-0.631757,5.176675,-10.023117,1.169673,-7.155036,-10.940762,5.568159,11.417735,2.482073
5.084846,-7.272624,-9.905638,-5.388825,-7.577445,-1.961759,-5.512276,-4.347557,1.936417,-7.863515,-6.242262,-5.017231
0.336299,10.866717,6.570674,4.445431,-6.702312,-6.485478,-10.073632,6.691377,3.253843,6.569220,-9.867203,8.497819
8.779197,-2.847984,-8.196142,-8.005751,-4.195905,1.110354,-2.410234,-1.471012,3.085192,-7.131229,-7.028926,-5.304395
-1.002514,9.776603,7.219384,3.319532,-7.156539,-9.328706,-9.256374,5.622482,0.861253,5.338608,-6.248501,10.187540
-2.956123,10.442287,5.586354,1.827512,-8.573215,-9.909804,-9.731358,9.036321,2.450488,1.669974,-9.241948,10.168832
3.611031,-11.014678,-5.586749,-6.521558,-4.944720,0.982189,-1.481907,-1.919857,2.409280,-8.703969,-2.176775,-3.107025
7.634621,-4.086011,-7.565754,-4.000077,-7.248682,-2.494384,-1.087905,-4.124647,0.803911,-5.590934,-3.095318,-0.956485
-0.504620,5.614973,-7.464443,-0.093340,2.208881,-10.700728,-0.801628,-2.978369,-9.965514,8.784191,11.334320,13.226057
-2.787992,10.493592,0.821167,4.609774,-6.734266,-7.703096,-9.016796,7.248382,-1.440102,7.151328,-9.505659,10.284201
-2.332149,3.948285,-5.341086,-2.381607,1.353619,-8.404531,4.749197,-5.254421,-10.127098,11.334549,8.713611,3.696541
0.497810,4.816306,-7.714171,-1.001678,3.246198,-10.329067,1.915587,-6.559462,-12.533666,6.035458,9.985196,4.693888
-0.107179,4.083739,-3.168453,0.871393,3.307930,-6.287150,2.194675,-5.955614,-7.078914,7.527989,9.420744,6.419044
0.043944,3.854805,-6.908512,0.872588,0.303207,-9.186920,-0.876764,-5.327766,-5.169141,14.562128,9.494977,7.744355
0.125033,8.778149,0.396169,0.757526,-4.285638,-6.925846,-10.836932,6.313973,3.703540,5.254919,-10.066174,8.664548
-6.677424,12.463679,4.064984,2.547827,-6.970652,-7.728582,-9.977994,7.982540,-1.012047,5.662610,-10.420699,7.138058
0.651884,6.984098,3.018164,-0.541986,-7.347667,-5.947393,-6.863659,7.171621,1.382605,4.464968,-11.258596,13.577274
5.877508,-4.884212,-5.883089,-3.825644,-2.335316,2.434267,-0.707389,-6.954015,1.845661,-5.089943,-4.260153,-1.666582
0.099483,5.689302,6.704971,4.226580,-9.061560,-7.701738,-11.049737,6.893681,1.406232,5.720773,-6.967693,12.189565
6.541043,-7.717825,-4.119785,-1.691828,-3.522892,-1.313008,-4.459021,-3.659465,4.444813,-6.259787,-4.161915,-3.851306
-3.633534,8.595842,1.273002,0.361430,-4.949924,-3.648944,-11.307026,6.138594,1.969489,4.721774,-11.207517,10.246319
-1.477987,4.176589,-5.239614,-1.697494,4.507880,-12.422153,0.537857,-3.235117,-9.569246,6.347953,9.750784,5.217162
8.495870,-7.854464,-4.625956,-8.704583,-2.739443,1.734606,-5.183733,-3.989459,1.300066,-8.727653,-1.455402,-3.980121
1.180608,9.668460,-4.099004,4.628294,0.003589,-10.709765,-0.226985,-5.705996,-8.347761,8.673808,10.931158,8.632604
-1.115289,8.346647,6.986128,2.712454,-7.094231,-5.984676,-11.980080,5.069988,-0.365550,4.447338,-6.123280,13.860797
7.924064,-5.235678,-3.972438,-9.369849,-2.905992,1.748205,-3.840224,-7.181158,0.745174,-8.533206,-2.650268,-3.901841
-0.740788,5.438311,-3.652523,-2.340246,2.921070,-12.413286,0.474173,-9.014832,-7.135083,8.846890,9.285634,3.954481
2.544667,7.952549,3.661000,4.061491,-5.515844,-3.186695,-7.670471,6.604939,3.203610,6.378859,-7.947346,10.412745
-2.388737,13.940770,4.255157,2.576264,-6.949051,-9.217466,-6.552682,8.827389,3.604364,2.342677,-6.782721,6.594495
-2.160930,5.173389,-7.811833,5.681346,2.332433,-10.772942,3.878744,-5.051246,-9.074422,10.658924,7.662057,5.182110
-0.992178,3.922648,-7.135104,-0.900717,3.158759,-8.556997,-0.496402,-7.461320,-6.943873,9.681035,10.449930,6.933790
-1.482986,8.495193,6.117500,3.203905,-8.750505,-4.708145,-9.910255,8.939639,2.756875,7.837819,-10.035242,8.699563
-2.458421,5.174940,4.612203,0.593714,-7.865873,-3.992846,-11.351342,8.949933,1.464374,3.601931,-8.007566,10.078300
0.867034,7.167681,-6.624657,1.094336,1.778098,-10.778858,4.731819,-6.479119,-4.601552,5.726726,8.199083,6.233225
6.854570,-5.454534,-9.185614,-4.725600,-3.435900,1.961237,-5.146624,-3.552435,-0.138473,-8.004769,-3.088377,-2.490576
-2.887438,10.857586,4.384781,4.995480,-9.781979,-6.904287,-11.343115,8.050787,3.796075,3.319928,-14.796738,9.796093
5.873453,-6.580449,-7.318792,-8.842181,-4.170465,-0.626087,-7.219997,-0.069473,4.414597,-7.962724,-4.119469,-5.016072
7.210871,-10.018409,-4.338226,-6.648217,2.571031,5.110961,-1.723998,-4.388091,4.228221,-3.803778,-7.433165,-6.245514
-3.456876,8.985382,5.732447,1.986014,-7.752399,-7.099329,-9.015054,6.583501,1.504708,7.358746,-8.466471,8.807236
0.182138,5.464402,-6.075653,2.096124,6.539540,-11.871134,1.943272,-8.950438,-5.514918,7.802235,6.426239,7.444321
8.983872,-7.201147,-7.652181,-11.810190,-1.542864,3.575777,-2.467454,-4.683321,0.729334,-6.444816,-1.907242,-6.158307
-3.862804,8.293933,-6.330649,2.675044,0.887863,-8.533290,2.569595,-6.679606,-9.564287,9.762623,7.460314,3.749076
6.607732,-5.174850,-8.721348,-6.771249,-2.696103,-2.615619,-0.959409,-3.973835,2.319633,-5.135805,-3.488230,0.283381
1.641324,7.635910,8.111806,2.368991,-8.182463,-7.847881,-9.479022,8.171855,3.067971,3.014052,-9.637019,13.682738
-4.153638,9.501661,5.129812,0.959283,-7.821704,-6.416010,-11.734496,4.508595,0.585412,3.734557,-8.966495,12.348909
-1.465314,9.608255,5.140865,2.666066,-8.239677,-6.415602,-8.252183,5.894820,5.753849,5.109117,-11.970917,10.711304
-3.461639,10.763064,5.165001,2.360350,-5.177831,-7.154853,-8.057398,7.117079,2.553025,2.995934,-14.465944,9.129639
-3.934889,9.227147,4.129924,4.981156,-12.181567,-4.697096,-6.346157,3.176742,1.336925,3.418570,-12.403334,7.842564
8.238054,-3.805973,-7.370640,-6.633138,-5.447397,-1.760996,-0.741310,-6.722588,1.407804,-9.200471,-3.057741,0.930097
7.324764,-6.937699,-4.412074,-6.330399,-2.543440,-3.812333,-0.467136,-5.452589,5.543677,-5.963948,-3.677392,-1.700143
5.876166,7.056534,-6.825206,-1.827534,-1.912285,-11.121430,2.380781,-3.734860,-6.455590,9.435900,8.666305,6.705572
-0.260491,8.346132,5.769091,-0.066159,-6.926731,-7.228818,-8.387712,6.584469,1.759355,5.813546,-10.461839,6.185043
11.017046,-4.612203,-7.524797,-7.554680,-4.101044,0.016125,0.872568,-3.802585,0.773794,-3.429241,-4.058490,-1.135084
-1.981157,11.558993,6.104863,2.550617,-10.189402,-8.800202,-9.083746,7.510268,-0.238107,8.984805,-6.555522,10.602434
9.153420,-5.430619,-5.075253,-6.167932,-7.419909,-1.226330,-0.016321,-3.842106,4.599038,-6.403574,-6.090511,-4.264891
-2.587812,8.745293,5.307599,4.835903,-4.716094,-9.504548,-7.594188,9.981390,2.795917,6.343412,-5.563769,11.445616
-2.774465,7.065228,6.854040,1.732407,-11.224966,-5.185266,-9.908984,7.142456,2.686261,4.542451,-8.169406,8.527224
-1.145292,8.393753,5.288212,1.712884,-6.685635,-5.689796,-10.474769,11.508297,0.010265,1.733074,-7.272088,10.981522
0.490301,4.861122,-4.053662,-1.979610,-0.349541,-7.696138,1.973809,-7.497300,-6.918853,7.763188,8.912238,8.966403
6.303249,-4.209377,-5.480886,-7.798222,-3.457162,-3.220674,-0.154605,-3.579100,3.514378,-5.093886,-3.421867,-2.376584
6.441990,-8.231323,-2.171814,-3.143025,-2.557261,-1.129676,-1.459158,-4.496137,2.898761,-4.308120,-2.398273,-4.827515
4.746484,-6.436861,-8.377355,-6.236259,-5.043548,-2.492947,1.149192,-5.170762,-0.299216,-7.546641,-4.020364,-6.165697
-3.823308,7.171420,-7.155728,-0.386868,1.214086,-10.677860,3.293345,-3.808230,-7.758941,9.184475,7.339760,7.201597
-2.061390,8.813916,-8.235589,-3.193722,4.061712,-13.620234,1.742638,-0.354155,-8.723055,6.736175,9.197846,6.066345
0.034112,4.969370,-7.799695,1.431584,4.831639,-7.621333,3.996852,-7.630779,-11.894208,11.957986,13.421670,9.253561
-4.279855,4.234033,-6.395507,1.616444,2.225554,-5.854857,0.079689,-4.827400,-8.604371,10.367049,8.439611,8.311308
4.003843,6.577773,-5.822414,1.237169,6.908147,-11.058178,-0.089939,-8.099250,-8.634682,5.526168,9.357319,9.555041
1.944113,7.274210,-6.659752,4.255450,-1.257779,-11.878109,1.983331,-2.081441,-9.103646,8.611220,6.428820,8.059806
-2.213267,1.219687,-5.595613,-1.266524,0.247621,-10.068966,5.640620,-1.779842,-8.264552,8.048176,6.958188,7.105027
-1.008145,5.889391,-7.106374,-0.735439,2.422836,-7.183561,0.954338,-8.327053,-7.472048,8.912703,10.973637,4.356353
7.638264,-4.986348,-7.182118,-4.320061,-6.170147,2.750947,-1.052112,-4.848522,2.197311,-7.424652,-1.716541,-4.826121
-0.644814,8.541176,6.911119,-0.239417,-8.528656,-8.097289,-9.896283,5.210408,4.468466,3.643743,-8.883300,8.257494
0.182085,6.312504,-8.121554,1.531373,1.615149,-8.642654,0.197656,-6.268980,-9.546635,7.446488,10.780853,3.092531
9.612774,-6.319654,-7.494653,-7.274541,-2.478320,0.179635,-2.644433,-0.844713,0.524718,-7.138991,-2.852495,-5.935433
-3.440809,8.712611,4.491984,1.069851,-6.489577,-8.396674,-11.099558,8.568945,3.281359,2.552820,-7.797599,8.135042
4.678867,-5.355858,-6.521635,-7.490158,-4.876823,1.887465,-2.396485,-4.351600,6.576931,-10.057488,-7.860792,-1.105584
7.207021,-5.170090,-9.744844,-8.288909,1.595280,-0.116093,0.100818,-5.476737,-1.943548,-7.550639,-4.688316,-3.472520
-1.411430,8.504375,4.388970,2.628929,-6.707841,-11.318710,-9.297927,5.620710,2.372723,10.131970,-8.853347,8.771138
-1.565271,7.987934,-3.692035,-0.058302,0.378949,-7.159120,4.517995,-8.918844,-11.106795,9.428224,10.571362,5.569809
7.661335,-2.858606,-5.227294,-8.431221,-1.190029,3.776358,4.943014,-6.422405,2.722822,-11.374320,-3.050809,-3.769164
-1.264783,6.736620,6.718102,1.821641,-5.538666,-9.023824,-11.945845,8.959302,2.775119,2.357348,-11.327636,11.649067
-0.374211,1.762902,-10.412351,-0.156443,2.342104,-11.321387,-0.026490,-5.466572,-7.573259,8.702229,10.873044,3.819542
-4.742247,11.485909,4.328082,0.876595,-6.559591,-5.876544,-6.603530,10.220521,1.302763,1.509356,-10.415240,9.918758
4.768055,-6.874740,-10.435942,-6.236923,-4.413299,-2.850659,-0.552674,-2.743672,2.691127,-7.858259,-2.974223,-1.312322
6.533037,-7.223451,-6.735350,-9.530699,0.639018,-1.973895,-3.425032,-5.055936,4.813209,-7.181105,-6.629379,-0.164086
-0.764556,9.380970,9.019485,0.356573,-8.559071,-8.078895,-13.086119,6.272013,0.504035,4.462239,-8.904798,13.150539
-2.493901,4.920379,-2.996400,-1.875316,2.173885,-6.080931,-0.475040,-5.801567,-10.303512,7.968443,7.706419,4.704232
-0.441822,8.281246,-6.272531,-2.357096,6.134305,-10.010521,2.468409,-4.277504,-9.915956,6.961975,9.820115,2.581794
7.177362,-5.833886,-4.872779,-6.144863,-4.240563,-1.247257,-1.216793,-2.698943,-0.049620,-7.035175,-3.691021,-4.108893
10.040299,-1.958640,-6.050113,-4.284849,-3.564582,-2.178322,-2.184746,-3.911561,1.327962,-7.647429,-4.339906,-2.834520
-2.508142,10.216700,1.752169,-2.619192,-7.980701,-9.321534,-9.854608,7.027962,1.115803,7.066387,-8.934821,9.999146
2.695880,4.835538,-3.015381,2.841559,-0.153728,-7.004612,0.848012,-10.322919,-9.548164,9.772986,8.387167,5.553850
-1.748755,5.080167,-8.664540,-1.199967,2.902254,-9.055871,4.036774,-6.227010,-9.403876,13.274304,9.124834,8.493949
-3.528811,9.083168,-0.336776,0.656673,-5.972610,-8.844698,-8.720359,8.217268,1.337202,4.502379,-11.513775,8.984974
-3.325041,8.552775,-2.904034,2.049262,0.325116,-9.683020,2.441751,-7.996938,-5.314275,9.266364,3.905945,6.846659
5.291567,-6.389693,-7.925813,-6.851510,-0.718079,2.099386,0.363347,-7.007871,-0.065250,-12.888280,-5.775869,-0.759357
6.298264,-4.954583,-5.642714,-5.323334,-3.333226,-0.518889,-2.388901,-6.573320,5.806608,-7.183222,-4.606813,-4.530347
1.111735,7.578254,-4.346202,1.030373,2.288670,-7.006213,5.997924,-8.495598,-6.542717,8.805277,9.053295,3.094886
-0.884146,11.726766,4.495859,3.980235,-6.156355,-8.170349,-8.115537,10.399596,1.950648,7.290739,-14.827800,11.042002
3.415426,-6.211982,-6.860732,-5.078683,-3.824027,1.741943,0.045781,0.134440,1.606465,-9.092168,-3.664940,-4.277323
-0.744531,8.110105,3.699795,2.504926,-7.753067,-7.012375,-4.638884,6.829472,1.305620,2.866368,-8.099926,9.035749
-4.960729,6.085536,5.088782,4.067366,-3.511772,-7.797878,-6.680966,7.246506,1.677046,5.928771,-8.283664,6.245413
-2.290408,10.465819,5.601897,2.420938,-8.460576,-5.937173,-5.074279,10.014363,5.208673,3.139020,-11.567520,9.146623
-1.560786,7.747446,-4.540166,3.040974,-0.132955,-9.757375,3.668860,-5.693361,-5.634207,9.818784,13.008859,7.247983
5.470188,-6.670495,-4.650096,-2.977156,-5.525499,2.648825,-5.700454,-6.563796,0.319501,-9.915140,-7.324284,-1.846765
-5.012276,11.901815,4.475576,4.207761,-6.194176,-5.966603,-7.698793,8.218940,3.307746,6.819757,-9.195268,10.816205
-0.430747,1.810469,-8.242380,3.363083,-0.008149,-6.584135,2.861573,-10.208053,-7.428310,8.742376,8.401707,6.657861
-1.440186,10.789597,3.998544,5.563592,-6.419486,-5.884623,-7.506479,8.166696,3.700181,2.926945,-10.704914,7.197889
-3.367686,10.191393,1.443630,2.897515,-2.831008,-9.606458,-8.458915,5.999559,2.874075,4.199747,-10.871284,10.373942
-2.854606,5.409134,-6.404649,0.654343,2.513812,-7.951335,2.626182,-9.011003,-10.575902,7.884896,8.748159,8.269496
-1.396091,6.343323,5.611951,-1.121438,-4.714245,-7.822359,-9.025600,9.975116,-0.552027,1.367215,-10.755509,11.474955
0.250952,7.072491,-7.765812,-1.355968,1.402240,-8.506919,1.845187,-5.722393,-5.173009,7.962277,5.882281,7.819794
6.863742,-4.978475,-5.717130,-3.764276,-1.325184,1.583569,0.330506,-3.147292,1.314718,-5.696993,-6.946097,-0.564980
6.089232,-7.682293,-5.351570,-7.788454,0.414957,2.876226,-0.935952,-2.121445,4.448859,-8.338018,-5.789542,-2.516477
0.963451,4.744081,-6.871799,4.656150,1.355149,-7.600728,2.163660,-10.286035,-12.788226,7.819742,11.424843,7.744530
3.563250,-7.018728,-5.170618,-7.600481,-4.387095,1.983500,-0.518007,-3.641780,1.558813,-6.470001,-4.404572,-1.757152
-1.190706,10.889426,1.424759,0.447720,-8.417912,-8.759916,-7.179378,6.935871,1.493271,0.153727,-8.317474,6.919680
4.557794,-5.805739,-7.612522,-4.837948,-3.852172,1.875276,0.814321,-2.792180,2.783295,-9.206547,-4.162679,-3.738944
0.509047,8.036576,-4.223837,-0.124023,1.267408,-8.182701,3.782406,-5.384571,-6.618852,6.939971,8.857099,4.287915
-3.110917,6.595332,5.417836,2.476117,-7.268165,-8.391693,-6.740914,10.634337,1.055177,2.937118,-8.605895,8.682138
6.473982,-4.656579,-4.464312,-6.450740,-0.204149,0.943598,-2.053953,-7.398552,1.711739,-7.882897,-2.236497,-1.747796
-2.539817,10.172869,4.879040,0.027032,-4.486484,-7.197169,-8.892937,5.456987,1.135736,2.391846,-9.934202,12.821614
-0.770885,10.788868,3.113307,2.049045,-5.512969,-7.298737,-6.692372,12.051268,0.450328,1.399362,-8.980673,10.841322
-5.242955,8.564755,2.299653,-1.630791,-5.796702,-5.361799,-9.991349,2.141438,0.929811,4.945060,-12.546133,9.764917
6.419571,-5.224681,-6.663735,-8.859922,-2.942786,-3.403615,-5.461815,-2.697056,3.251098,-7.324914,-6.948004,-4.088585
-3.046975,6.801234,9.786598,2.091607,-6.851769,-6.928360,-8.442158,7.034802,0.874976,3.067734,-9.653817,8.311348
-2.060637,6.583639,-9.142813,1.199115,1.061527,-10.595828,0.630170,-7.376741,-7.934102,6.353384,8.518410,6.085003
7.839835,-6.933007,-6.627839,-6.187352,-6.915599,-1.062545,1.341046,-2.403035,2.111779,-6.723876,-4.745592,0.040404
7.543641,-6.755686,-7.260586,-5.854800,-6.496278,0.208611,0.831995,-8.557925,5.306022,-4.965374,-5.076636,-1.585981
9.199634,-6.056647,-5.296782,-4.652973,-1.478766,2.609865,0.383294,-4.805591,1.093566,-6.544908,-2.290851,-3.118205
9.153934,-7.311257,-5.818658,-5.496980,-1.532983,-1.142081,0.823114,-5.271228,-0.434667,-5.761850,-1.575590,2.503055
1.626092,7.976430,-5.800289,-0.618202,-0.097364,-9.146119,3.290415,-7.237871,-13.093970,11.515139,9.693087,5.408698
-1.087278,9.902813,3.917947,4.291829,-9.041754,-5.648238,-7.652125,6.704430,2.674566,1.659224,-7.740256,9.028393
2.714203,-5.795707,-5.776426,-5.833074,-4.568502,0.744633,1.669790,-3.411949,1.490321,-8.210518,-4.496812,0.600717
4.542988,5.576029,-7.761492,-2.529486,1.408255,-9.325805,2.356188,-7.185110,-7.432518,8.202451,5.442712,5.869224
8.279855,-5.849395,-6.729802,-7.045256,-1.553873,-0.759498,-1.270654,-4.073021,1.233490,-9.955054,-3.511158,-2.794771
-0.236605,7.707992,-2.886013,-3.618517,-0.782591,-6.452104,1.597118,-7.932959,-11.207290,7.867677,6.507902,10.350136
7.467730,-6.306561,-6.136712,-5.413922,-4.291560,0.287955,-1.788850,-2.234785,3.074578,-6.768956,-6.699010,-3.429923
7.293017,-5.775402,-7.989529,-4.685350,-3.463632,0.530355,-3.311832,-1.568401,3.566463,-8.315964,-2.153457,-3.667905
-4.287679,10.924887,6.391972,4.918511,-8.087588,-7.339207,-12.117296,6.538581,4.015441,3.228461,-8.307351,9.017191
-0.286734,5.974377,-6.858160,-3.029598,2.791074,-6.527193,2.706862,-8.284465,-8.609864,6.245483,11.428562,6.331636
-4.436715,7.099984,5.327455,1.875865,-6.814033,-8.397100,-9.299129,5.475057,3.802697,6.231950,-13.280686,7.539175
-3.086295,7.446779,8.109752,0.259625,-7.990721,-6.471332,-11.242627,6.532161,2.657207,3.495731,-9.775084,8.339533
-1.260958,10.270977,4.615385,0.178661,-6.728018,-8.234433,-6.888088,7.029408,0.371306,3.518680,-8.762447,8.270748
-1.970524,3.004220,-3.166154,1.468917,0.434953,-7.631793,2.010450,-7.163737,-7.828545,7.494714,8.625128,6.410869
1.073046,5.721235,-8.837572,2.240433,1.307549,-11.850552,4.854976,-2.390702,-8.781464,13.295953,9.495270,5.407035
-4.730349,12.518827,6.511236,4.516280,-5.436283,-9.138213,-9.887368,8.302272,-0.421955,5.587448,-10.068961,8.648555
0.398486,9.098767,-5.342361,1.576948,1.206724,-11.795078,0.783199,-6.607836,-8.577397,12.830282,9.475195,8.525634
0.263682,4.256546,-3.473202,-1.657435,1.621974,-10.181538,0.175851,-5.106878,-7.628051,11.395731,5.752890,8.296288
5.048972,-9.569222,-7.149606,-4.328646,-1.128246,1.916227,-0.502418,-3.416138,1.124820,-7.470243,-0.818968,-4.557879
-3.854324,3.453147,-5.228887,-2.063058,4.073560,-9.213232,2.322086,-7.146263,-7.153272,10.544031,9.982749,7.297525
4.464526,-4.083715,-4.535957,-9.423369,-0.735477,1.643271,1.438090,-6.859673,-0.494590,-7.508061,-3.151538,0.919959
-1.961546,5.499507,-4.664489,2.420684,3.726230,-9.198747,-0.357148,-8.587390,-8.153701,9.662162,7.115282,6.257086
-5.739461,11.343765,3.170696,0.352665,-6.478489,-4.582835,-10.869971,7.446883,2.879933,5.547663,-9.235427,8.664141
-3.413810,4.166527,1.472073,3.493999,-5.308027,-6.029194,-10.772280,7.228100,2.015095,1.844722,-6.581514,11.152922
5.036099,-5.601828,-4.992321,-6.615207,-1.582414,1.557080,-5.717522,-5.234351,1.113374,-6.251401,-9.406741,2.425256
-2.282163,10.338547,7.811912,-0.502461,-2.613560,-10.784285,-9.141898,8.500157,2.584284,2.916053,-10.004555,8.412195
-3.421439,9.377139,5.829938,0.858324,-7.705623,-8.733506,-8.901206,5.626666,3.168556,0.589719,-10.307569,10.000412
12.520169,-7.899874,-7.221197,-5.500236,-2.714729,2.410993,2.254117,-3.163102,0.124996,-7.724013,-3.541442,1.463689
-1.367972,10.950655,3.977262,0.748696,-9.049928,-8.530931,-2.940139,9.812882,-0.679848,1.516536,-8.624578,10.492727
-1.613008,6.278647,-8.334626,-0.431292,0.129064,-10.852129,-2.068779,-3.910864,-10.072046,11.304463,11.450225,3.595948
0.744811,6.367356,-0.135712,-1.771159,-1.572915,-9.857172,-0.985079,-9.574442,-10.701597,7.133333,7.403404,7.204385
-2.988009,5.569059,-6.171710,1.824626,0.298366,-6.334803,6.084731,-6.667806,-6.199547,6.864717,11.463084,8.262500
7.369590,-7.574508,-3.821370,-8.292034,-7.150756,1.256685,-2.995916,-3.532834,-2.570279,-4.425211,-2.812520,-5.673716
7.552988,-6.465166,-6.305120,-4.935962,-6.380236,-0.873855,-0.446451,0.021026,1.960893,-6.027851,-4.371050,1.211728
-1.686007,7.361817,-10.788681,-1.754914,3.806811,-9.570303,2.565982,-9.283089,-5.003234,11.358770,8.911270,5.358555
4.945773,-5.740671,-9.426571,-4.031375,-4.325723,2.732229,-2.414163,-5.222569,0.708684,-5.457775,-5.575969,-1.383572
-2.874991,11.764039,3.347950,0.374786,-7.845114,-8.786767,-8.592987,10.572880,2.668459,3.656745,-10.171933,6.271815
-6.150404,9.554401,0.815369,1.835902,-9.616257,-2.905558,-7.015602,7.535030,4.549714,2.468820,-8.501351,9.797818
1.184707,2.885681,-5.116733,1.986128,3.632017,-11.297581,0.836827,-4.600401,-10.222489,8.378319,12.464392,6.072348
-1.504273,7.765358,-6.582650,1.146735,1.621166,-9.182696,1.396124,-3.899809,-10.164820,7.497246,13.554628,8.123642
8.850496,-3.630476,-5.299488,-5.608588,-0.392779,0.494501,-3.724848,-3.276469,6.409152,-9.239642,-4.880033,-1.839871
-1.410440,6.817269,-2.278427,-3.998173,0.449090,-9.489743,5.060549,-9.862324,-4.827246,9.249423,9.120639,5.771827
7.796342,-8.305827,-8.940116,-5.746479,-3.624113,-0.733116,-1.079134,-0.998163,3.627863,-9.492140,-4.380125,-4.282696
-3.732233,6.200964,2.793412,-0.730200,-8.831374,-4.772826,-10.737126,12.588287,3.008936,4.531124,-11.305026,10.798817
-1.635721,9.822876,7.111443,-0.168938,-5.519195,-4.495095,-12.395503,7.962827,1.013941,3.998406,-8.892957,8.423740
10.362148,-6.716750,-5.714583,-9.939635,-8.699068,2.184677,-1.372220,-1.818392,-0.509748,-6.170319,-0.419471,-1.833352
-4.896471,10.852594,6.641043,0.631929,-4.094697,-7.380203,-8.260940,7.844167,1.753683,5.783068,-8.001333,5.901133
-0.965800,3.317201,6.937410,-1.506258,-7.604509,-9.119449,-11.427691,9.645176,1.086898,4.854459,-9.682151,10.352279
-4.536990,9.185660,2.789030,2.483937,-8.670320,-7.696311,-10.829959,8.625795,3.739202,3.692210,-9.511834,6.501014
-2.138697,4.235195,-8.899521,-0.645463,4.017292,-9.121369,3.406258,-3.260234,-8.171457,7.860112,10.247145,5.079355
8.067558,-5.714301,-6.640525,-7.179690,-4.525533,2.588952,-2.031588,-6.857547,3.724361,-7.619876,-4.094315,0.542393
-5.143461,10.566342,2.635445,0.468299,-9.813198,-7.882914,-6.887703,8.354779,3.979144,5.205737,-11.795650,8.736619
-2.697980,7.222519,-7.240075,-2.411303,0.636931,-9.135076,-0.211048,-8.892880,-4.476375,7.256580,8.666556,5.433473
0.341160,5.623666,-4.416678,2.982959,3.964632,-8.129972,2.174622,-8.551094,-7.219080,12.337206,9.996853,10.002465
6.220717,-4.994407,-4.982555,-5.800676,-2.599629,0.356064,-3.735086,-2.059789,1.058834,-9.081315,-4.512943,-4.498385
7.631712,-4.613697,-5.972537,-6.529600,-3.043204,-4.569364,0.003039,-3.923061,1.792108,-3.116398,-5.506975,-3.478915
-5.502256,7.714238,4.473003,-0.926121,-8.723347,-8.888024,-8.423793,7.462212,0.578825,4.515093,-10.681670,8.854887
7.659969,-4.880746,-8.745334,-4.974454,-5.773428,-1.772912,-2.054643,-5.347003,1.793859,-10.092086,-2.239474,-0.417391
-0.788251,7.848131,4.305635,2.538330,-7.377009,-3.665418,-7.856378,8.793278,3.348063,6.508399,-9.226267,6.804533
-1.796354,3.668350,-4.286159,1.905209,-0.462612,-7.620830,5.204522,-2.784401,-2.968544,7.173725,14.961082,5.459534
5.433560,-6.027840,-4.447917,-5.916703,-3.299802,-1.695910,-3.122608,-0.577967,0.766656,-3.897706,-4.643229,-2.668187
1.152184,3.359857,-3.952404,-1.011056,2.573191,-10.090780,2.515238,-4.805762,-11.152996,7.617899,9.682566,10.971114
4.092148,-7.544074,-9.036638,-3.658595,-0.817877,1.135562,1.081490,-3.907500,2.046835,-7.876198,-4.777889,-5.768366
-3.637693,9.383389,7.724099,5.985355,-2.756620,-4.463377,-6.790203,8.508577,3.579022,3.059080,-11.224708,9.391448
-0.742978,8.858612,4.278919,8.359385,-6.282121,-8.383692,-9.691043,9.620414,2.248841,1.284896,-7.749852,8.061909
-3.756736,12.842349,4.258514,2.408035,-5.139492,-5.888746,-8.537490,8.053445,6.829131,4.046214,-9.186112,11.499506
-0.052305,5.237102,-6.908962,0.023088,2.433949,-12.831863,-0.987882,-7.863282,-8.284689,8.499164,12.268883,3.203153
-4.164378,9.186574,2.495601,-3.869531,-6.006508,-5.072240,-13.564193,5.304062,3.260609,8.276442,-9.546723,7.942191
-6.683252,7.845051,4.577761,0.153803,-8.752640,-8.215669,-8.253942,6.948865,-2.454162,-0.079949,-10.802040,10.313570
9.428381,-8.443637,-8.370378,-6.994614,-1.082332,2.041609,-1.676775,-3.558833,1.036287,-6.930815,-4.010434,-0.735223
-3.660473,9.258306,9.760048,1.781050,-4.581081,-8.286462,-8.908305,10.865124,0.768366,7.786349,-8.172806,8.273263
-2.650028,4.453850,-8.209097,1.748991,3.862900,-9.024221,0.422044,-3.410471,-10.199788,4.653646,10.229419,3.958398
-2.200650,4.673642,-6.919920,0.962676,2.760790,-15.160305,4.194167,-3.716781,-10.799341,7.033114,8.412134,4.655939
6.216932,-3.878263,-3.093368,-3.708523,-6.099438,-0.012224,-2.051429,-3.196908,3.609765,-8.887908,-4.021430,-6.712618
-0.602948,10.040457,6.090070,3.005526,-8.162590,-6.016265,-7.237509,8.832106,4.400127,5.578059,-8.885414,11.538498
5.922590,-4.044414,-5.681069,-3.331361,-3.766136,2.546393,3.922924,-2.979219,2.335714,-5.765229,-4.887669,2.103172
0.383848,3.401066,-3.796530,-0.470374,4.363518,-10.137897,0.097646,-7.505792,-8.889264,8.200751,8.880638,6.835877
0.949554,3.729427,-2.774779,-1.645098,2.273940,-9.091696,1.803149,-3.912333,-10.109189,6.278500,9.352632,5.368293
0.188790,8.689424,-6.788574,3.243652,0.530244,-6.413699,3.785831,-8.416435,-8.084890,8.875239,10.563810,5.721404
-1.876878,8.097855,-7.621707,-0.162256,-0.241381,-5.503147,5.513882,-8.357255,-8.404372,7.616723,10.542530,7.187313
0.271217,10.129907,4.660584,-0.650503,-9.009855,-7.490559,-10.057352,6.949580,2.135600,5.220837,-9.729308,10.371200
7.103845,-4.481282,-8.007653,-8.770479,-5.054055,0.247086,-3.489540,-4.195107,-1.139952,-9.450218,-2.815285,-1.465182
4.661674,-5.481369,-6.194567,-8.470419,-2.002565,5.144475,-1.395112,-3.165375,2.406095,-8.637292,-7.798628,-4.084310
7.682746,-6.196244,-6.408101,-7.709681,-3.505637,2.026885,-4.592873,-3.576122,4.101928,-8.040323,-2.755706,2.956546
-4.437478,4.637511,-7.539230,0.127112,0.574601,-7.588958,1.574597,-6.288569,-8.383699,9.367621,9.264382,7.189148
5.883948,-9.705144,-7.504129,-8.690126,-3.847350,-1.885687,0.490851,-4.357569,1.881866,-5.898339,-2.229293,-2.712961
0.024625,7.598947,5.527518,3.522438,-8.733488,-6.999160,-15.320862,5.274748,1.517164,1.665885,-6.323488,6.537914
-2.467425,9.475688,2.119549,0.740447,-7.630020,-7.515540,-6.275040,8.438905,-0.200616,4.654461,-8.591867,11.678495
6.808000,-4.235569,-4.970855,-5.774310,-4.332492,-0.130208,0.354698,-3.068278,1.722458,-5.045898,-4.415175,-4.376087
1.300473,10.434335,-8.883965,-0.165837,-2.908572,-8.685689,2.881686,-6.667842,-10.008035,4.878682,10.059708,9.078816
-2.002867,10.654974,4.572654,2.882652,-7.912486,-7.273043,-9.250047,5.830366,1.668752,1.064215,-10.570618,8.828446
4.507148,-1.930380,-8.924412,-5.952950,-1.900267,-2.014717,-0.991679,-2.299586,2.262057,-1.473317,-7.494306,-0.555306
9.388255,-7.925327,-3.852693,-4.440171,-5.716336,-1.770441,-0.660359,-5.864065,2.442027,-8.175778,-7.719424,-7.133699
-3.922983,10.725397,7.938841,4.114391,-8.338832,-6.157275,-11.424611,8.468304,2.923507,0.421819,-11.911878,8.831919
-1.376548,6.331778,-6.638690,0.913366,2.726592,-7.404633,4.716487,-6.433503,-11.314521,8.287503,9.400766,2.496409
-0.923472,5.587618,-4.830371,2.209379,3.740068,-6.923748,0.889206,-7.185251,-7.160905,7.922933,9.302427,6.965474
10.898396,-3.090540,-2.522766,-8.777700,-3.772648,-2.091887,-2.752489,-6.011671,4.716226,-8.002582,-2.020348,-1.464521
0.332427,5.832334,-4.864633,-1.344117,2.989264,-7.082163,4.591998,-2.562409,-8.210771,9.525533,6.266296,5.105124
8.071674,0.472603,-4.747428,-8.028041,-4.762675,-0.411700,-4.952386,-4.835598,3.702716,-9.758587,-2.060142,-1.697213
-3.076679,9.296850,-7.713515,-1.054185,-0.108325,-5.474032,3.256707,-8.462702,-6.486505,9.379108,9.827148,5.478993
7.609374,-7.863433,-4.717935,-8.257212,-2.529617,2.706795,0.361773,-3.672784,1.774456,-8.362962,-1.215038,-4.071754
-0.402941,6.662770,-6.871127,0.748151,-0.006455,-6.494125,0.882348,-4.331823,-9.166182,9.381709,8.322712,4.135956
0.002315,7.225072,4.266136,1.093708,-3.985671,-6.487000,-6.774639,4.352402,2.556401,5.940713,-9.423742,11.529158
-0.951760,2.227910,-5.970430,2.706038,0.649011,-8.247086,3.854079,-8.408878,-9.601574,6.941888,7.668309,3.592736
-0.809934,4.978521,-4.111501,1.634079,0.611561,-10.660779,-1.993813,-6.281454,-8.864364,11.250093,10.030751,8.836405
-2.829463,10.356966,5.066272,0.469231,-7.517735,-8.472161,-6.686313,7.366146,5.824682,4.040130,-11.005124,6.370768
6.282251,-5.792806,-7.328128,-4.133943,0.004519,1.396355,-1.195554,-4.101852,-2.531556,-5.719821,-3.888774,-1.816079
-2.355554,6.448302,6.632412,0.985657,-9.992791,-7.736340,-5.836808,9.023966,1.324996,3.462936,-10.231580,13.551693
-4.609479,10.529276,7.380951,3.363575,-6.312125,-8.855856,-10.532030,9.822761,3.580998,4.083413,-10.424129,5.346581
3.154409,-5.563976,-9.614589,-11.345053,-3.320231,0.774124,-1.930774,-4.387805,8.433657,-7.726473,-3.136858,-3.971493
-3.126844,5.908602,-9.381083,1.947111,3.591403,-8.416651,-0.091371,-3.829240,-4.624547,9.271864,10.333711,6.571424
-1.220959,5.571294,-9.424977,1.068085,1.669885,-5.850406,0.271767,-10.206108,-7.462831,9.670765,7.295775,3.108449
-0.997909,2.300188,-7.625974,0.660289,0.273943,-8.664273,3.514384,-4.664512,-11.151327,13.371003,10.847599,6.164519
-1.404598,10.265548,3.246335,3.137223,-6.358743,-7.957793,-10.855437,3.398272,2.721600,1.031846,-9.397622,8.871301
-1.721314,6.946213,-4.110238,-0.327220,-0.624665,-6.522111,1.960215,-3.128874,-13.190140,9.368517,13.149853,5.461419
9.047452,-5.817772,-6.537670,-2.572161,-2.873643,-0.160484,-4.213136,-3.387671,3.895705,-8.473426,-3.574702,-3.399910
-2.380249,5.063353,2.761208,1.684995,-9.299017,-5.680252,-5.776826,9.761047,1.595414,7.142904,-9.290975,8.724025
-1.172879,4.390271,-4.258545,0.441567,2.214280,-10.739534,-1.284447,-6.117233,-6.889044,8.526097,12.185500,4.760114
-1.682328,12.767878,3.092300,-0.516140,-10.437068,-3.888021,-7.529596,7.212354,2.582237,1.910473,-4.696806,9.656639
-1.218446,11.751549,2.710032,3.345273,-4.762778,-10.397589,-11.204845,3.245059,1.483487,5.596536,-6.583596,9.546387
8.213113,-7.335017,-7.923207,-4.167940,-6.614308,-0.335299,-1.293045,-3.952672,1.878871,-6.418483,-2.771396,-1.203488
-1.199720,4.592947,-5.150599,3.730838,5.126804,-12.916535,3.305041,-6.945564,-8.388657,8.181145,9.547818,6.470762
-3.848973,1.604570,-3.484825,1.518017,2.024238,-9.951541,1.092900,-8.740991,-9.561879,4.737536,7.840513,5.546072
-1.887446,2.663734,-4.154009,-0.487316,2.212488,-11.142916,3.022792,-8.113400,-8.982386,10.733363,10.894159,6.123887
9.271188,-6.201856,-4.644331,-6.172307,-1.636044,-0.279595,-3.558340,-1.334409,2.010097,-6.767006,-1.687603,-4.736674
1.990019,6.273028,-9.933103,1.206338,3.945091,-9.233126,5.640065,-4.869850,-7.562421,11.150472,9.979380,1.182326
-5.724520,9.383767,8.687091,1.986769,-7.259705,-7.595000,-9.199111,10.069220,-2.401424,7.228319,-12.436224,8.864892
2.610022,7.030715,-5.596929,1.102971,4.677973,-10.819390,1.927203,-7.494898,-11.034699,8.320960,11.528083,7.301151
-0.057834,8.132853,-6.296258,1.096337,1.881040,-11.044877,-2.360686,-5.727498,-8.351074,7.741361,6.074295,7.427426
7.710905,-5.455464,-4.000365,-1.644602,-2.173662,2.392755,-1.099720,-4.458469,1.285467,-8.862347,-5.531135,-5.373875
-2.036504,3.910784,-6.903916,0.753207,3.046284,-7.364294,1.162517,-6.021828,-6.773963,11.308901,9.194975,5.726084
-3.536931,6.895859,4.514521,3.883454,-8.851079,-5.872017,-9.898843,5.737777,1.808240,2.090967,-10.695609,7.002441
6.320182,-5.329031,-8.350218,-8.363667,-6.692240,-2.705414,-3.795665,-3.856492,0.451483,-6.182894,-4.087680,-6.609772
-1.709822,7.711572,3.582645,3.145898,-4.403061,-6.837566,-8.220662,10.727953,2.503807,9.364818,-8.457291,5.876672
-1.454412,6.193597,-6.546428,-2.802213,5.036647,-8.863915,5.013201,-7.109590,-10.458992,9.516073,8.881066,3.812424
-0.708869,7.074758,-5.380793,0.416164,1.311554,-8.908409,3.120080,-6.054567,-7.937315,11.663154,9.842969,4.869950
5.849055,-5.214628,-6.453287,-5.966908,-5.255386,2.838564,-3.713446,-3.200297,4.600840,-6.248307,-4.562155,-3.729357
-1.551238,9.681610,6.714959,0.953137,-7.419377,-8.837637,-9.726914,8.078124,3.536277,2.317121,-7.849098,12.109473
-5.008331,8.147129,-6.806065,0.598980,1.843815,-11.205860,-0.367233,-8.600148,-10.145305,9.710923,7.721205,9.660928
-1.242921,6.265943,-6.552538,1.454731,2.410675,-5.405869,-0.909661,-6.834390,-10.515973,10.185926,6.078297,6.860572
-8.004207,8.014826,3.587383,4.749845,-7.649671,-6.114132,-8.555813,3.062390,3.558715,4.592245,-8.571773,17.250672
-4.458561,10.588455,6.957070,0.331805,-4.952875,-6.054548,-7.194207,11.117109,1.531524,2.653979,-11.367339,7.766576
-3.438006,9.938408,6.206660,1.470092,-8.074648,-4.035370,-5.360528,9.281239,2.192937,2.544920,-11.249199,10.443225
-5.648828,4.573002,-9.630503,-1.616693,-4.428738,-9.344971,-0.132987,-6.469707,-11.949211,9.143534,8.482808,9.171853
9.995581,-6.932123,-9.528357,-4.698236,-6.676353,-0.377182,-1.876341,-4.314684,3.615387,-8.577391,-4.704566,-2.701304
0.410021,5.996470,-4.959877,-1.316492,1.229272,-8.686983,2.705929,-5.949142,-8.975639,8.222864,15.628183,7.981522
-1.004388,4.807764,-4.690238,-0.505878,5.034220,-6.140571,0.367810,-6.450109,-10.000281,8.324416,13.317496,5.552804
5.500651,-4.680390,-4.295739,-7.146830,-2.099231,0.742088,-1.609671,-4.598186,3.730281,-6.558967,0.394544,-4.377212
-5.313782,3.367164,-8.200275,1.928821,3.592598,-8.422919,3.799103,-6.917816,-6.295105,8.995288,9.428369,5.636762
-8.551911,8.177184,-7.087277,-1.318279,1.051401,-9.964278,3.375437,-9.708389,-10.854410,9.664028,10.558529,7.451030
-1.493093,8.441708,-6.203966,1.937533,1.397588,-5.737665,0.794228,-7.817805,-5.649934,8.087818,12.514789,7.951628
5.987303,-6.773539,-6.064588,-4.790409,0.848272,2.149601,0.958580,-5.187350,0.185322,-7.085460,-3.942767,-4.829789
9.667115,-4.542005,-5.346284,-7.192528,-6.883268,0.078192,1.052117,-7.229753,0.126879,-6.957587,-6.126417,-4.257810
1.115931,8.067299,-6.139422,-0.431470,4.302839,-11.491313,3.028056,-9.329571,-6.568216,8.461620,11.849807,7.150772
-1.020411,5.033185,-9.495590,-1.095864,1.481211,-9.300894,-0.813566,-4.286186,-8.903174,9.052817,10.113924,4.591794
-1.890978,5.344490,-4.218059,-1.247956,1.319200,-8.339472,-1.732239,-11.359329,-8.006733,9.961739,13.441081,6.484137
-3.722204,9.926095,3.721698,0.583969,-9.188353,-10.383767,-9.618175,7.639630,1.829053,3.329518,-11.479802,10.614689
6.123359,-8.945006,-7.841558,-5.027249,-1.060544,-0.343741,0.151877,-8.003537,3.555960,-8.818020,-3.542416,-3.168268
-4.900964,9.903491,7.033142,0.753604,-7.147662,-6.850733,-10.408124,8.620084,1.780404,5.000516,-11.363294,8.523280
-2.618986,9.585394,5.682124,3.263601,-5.768418,-6.700948,-9.233005,7.020976,1.632484,6.428992,-8.401197,3.517420
-4.021899,6.169779,3.346733,-0.189926,-3.505344,-5.116830,-8.854273,10.283411,2.177037,2.438883,-6.542062,10.476017
6.402580,-4.548057,-7.254801,-2.224272,-5.540247,4.705723,-1.291324,-6.926439,4.973217,-6.958320,-2.454859,-0.225051
0.858996,5.749728,-7.962402,-0.940157,-2.109746,-5.017358,3.876406,-8.249659,-9.262658,7.703958,12.397735,3.328193
-1.672401,11.817483,5.940779,-1.032991,-4.775732,-8.876231,-9.606270,7.823923,6.013635,10.381289,-8.374864,9.031804
5.962441,-9.924803,-4.416048,-5.734314,-5.462067,4.292599,-1.187067,-6.247704,3.950533,-6.414026,-3.367947,-3.524274
2.775347,-7.275928,-8.120027,-6.132136,-2.953666,3.488549,-2.351031,-5.170562,4.536402,-6.616969,-1.621804,-2.095307
5.444964,-7.019681,-8.064727,-7.413924,-2.403823,0.051352,-4.060646,-0.639079,2.876988,-10.024010,-5.040805,-2.450990
6.248148,-5.289534,-4.071440,-7.886653,-0.797577,-2.565794,1.898185,-4.920768,1.751660,-10.990143,-5.066696,-4.752376
-3.204478,4.988689,-4.100505,-0.315066,2.769123,-9.350076,2.664464,-7.046463,-7.364837,5.887598,8.586017,6.761092
-4.414862,11.689140,-2.514806,1.730038,0.341884,-9.298176,1.064056,-4.061806,-8.173962,7.409383,8.371130,8.410323
9.866415,-4.096758,-4.181777,-7.257789,-4.215037,-2.371175,-2.410424,-3.188108,4.829184,-9.424436,-4.888119,-2.975362
6.854688,-10.381306,-3.016617,-5.448416,-1.461086,-2.666079,1.128031,0.287581,-0.404699,-5.667319,-4.154887,-5.761631
2.129461,9.800922,5.023977,1.354937,-6.612545,-7.185049,-7.422110,9.236928,0.450321,1.498986,-13.260721,10.414180
2.687211,5.208838,-10.764516,1.624788,3.819091,-12.242683,2.503865,-5.687065,-8.845183,7.396169,11.344515,5.361187
-4.276912,9.321736,4.756296,-0.312771,-6.164052,-5.758541,-6.672225,9.431127,-0.733039,2.285801,-8.558240,10.425769
-1.083774,5.247986,3.895241,2.847796,-6.509276,-6.029220,-8.393748,9.881255,0.117667,2.807461,-11.133629,11.058581
0.835716,8.752796,-11.610347,1.153216,-1.005007,-8.072771,2.406751,-5.318064,-9.697463,5.231231,8.411904,6.981642
7.610026,-7.499196,-6.777470,-8.393960,-2.270454,-1.178832,-0.257171,-4.863613,2.008113,-6.914611,-5.680756,-2.252029
6.497110,-9.122553,-5.981668,-6.404571,-3.621285,-0.549135,4.792621,-1.455185,-0.252027,-6.744387,-5.373119,-4.701723
10.495744,-7.302448,-9.741867,-7.274437,-7.866131,1.997328,-5.491266,-4.118502,-1.918566,-7.850718,-0.870351,-1.951467
-1.150912,8.410195,3.980983,3.436911,-6.209511,-6.247798,-7.899793,4.252379,3.535878,5.386389,-11.621676,8.910036
6.935706,-4.010169,-8.865899,-9.396946,-0.756279,-0.728391,0.910796,-4.483413,1.913148,-6.333297,-5.925105,-2.407769
-3.292714,7.169466,7.870630,1.328529,-4.445310,-3.837477,-6.841706,6.460282,2.829760,4.113060,-11.395714,10.046916
6.753370,-7.874428,-7.797533,-8.901078,-1.959524,-3.716165,0.946081,-1.402718,1.632697,-12.416397,-4.879728,-2.801131
-1.032264,9.357023,4.408582,1.370962,-9.836671,-8.319798,-9.759605,9.437767,2.709537,0.635371,-8.940142,8.628032
2.202282,8.214219,-7.377874,1.925286,-0.053615,-7.679128,1.117669,-8.636024,-8.138877,3.628576,5.810690,5.812963
-5.848008,10.101007,3.314631,3.114367,-8.406146,-10.489874,-12.093413,7.419693,2.541745,2.352818,-8.311125,6.075157
-3.554644,11.112305,3.231191,-0.843753,-9.992886,-5.668090,-11.399186,10.833111,-2.141559,7.554364,-9.166275,9.204771
1.099499,8.632479,6.079395,-0.613376,-8.792500,-5.935297,-5.870096,8.034750,1.396184,4.160034,-12.089126,10.607228
-5.321833,8.848075,1.630438,3.493282,-6.714748,-9.795213,-9.456746,5.819210,2.660649,6.842352,-13.338655,9.628249
-3.073822,4.980263,-3.135382,-3.372123,-2.288460,-8.892201,1.265718,-6.574062,-6.808345,7.872572,5.566629,10.256910
-0.305827,5.326330,-4.128610,-2.774859,-1.140236,-8.709250,1.167808,-7.843615,-12.235082,9.016802,9.207130,7.474905
0.359566,4.952501,-7.318719,2.823200,0.853657,-8.482828,2.477566,-3.666083,-6.756143,6.387194,6.937534,7.325767
-3.946862,10.504297,4.250484,1.844793,-6.696122,-6.375629,-9.070786,7.752949,5.178536,6.132351,-7.850001,8.487118
2.754168,-3.796302,-7.984558,-4.617959,-4.052048,0.552680,-1.731295,-1.751159,-0.242118,-5.994442,-1.954447,-1.240083
-4.154037,11.256347,4.640293,1.954569,-7.535417,-6.569728,-7.188131,5.589262,0.706067,3.553999,-12.280052,7.759681
-1.302780,6.787925,-6.682280,0.289152,1.299004,-9.985429,0.772673,-5.654137,-6.077756,11.319915,6.799510,8.746353
-4.693065,10.794781,4.983558,3.079672,-9.230816,-8.670249,-7.643871,5.426827,2.948713,1.427176,-7.891962,6.933150
7.008995,-6.299084,-8.034879,-4.137469,-2.180780,-0.499580,-0.208197,-7.192529,2.606999,-6.304610,-0.742447,-4.214401
-1.025007,9.612871,7.243361,5.096192,-6.815619,-8.386945,-7.918383,5.968092,6.049075,4.434522,-10.318953,9.767558
-1.931711,3.058824,-5.188394,1.617945,-0.851560,-9.981390,-0.543611,-8.387117,-7.596934,7.510747,8.710989,2.913324
-0.958887,10.120366,5.107928,1.476112,-4.478564,-6.599390,-12.772467,5.089150,1.650609,4.781450,-9.701487,11.836139
-0.257097,8.911499,1.093814,4.497013,-8.691092,-8.187642,-10.029650,10.072399,-2.249048,10.436949,-7.476196,9.844675
-0.466431,13.191172,1.467912,-1.786679,-3.137697,-6.100881,-10.574913,8.392781,-3.249195,4.168203,-8.932668,11.246737
-2.551001,9.248941,7.195209,0.790027,-5.785432,-7.284495,-9.273690,9.521077,3.673133,5.788471,-6.977352,9.440205
-0.608350,7.860479,2.843049,2.957008,-9.520094,-3.217192,-6.479448,6.385172,-1.403969,6.869196,-9.817390,11.873830
1.110103,7.508062,-7.006269,1.370753,1.380496,-9.463178,2.970268,-7.783505,-5.712962,8.657450,10.549362,9.079148
-0.288151,4.344629,-6.030572,-0.194423,2.826648,-11.430545,2.092194,-5.798903,-8.632922,11.671593,10.860686,6.152985
-3.994166,8.043674,7.101628,5.343198,-5.753865,-8.639738,-4.864206,6.261581,1.352025,4.846127,-6.479989,11.106149
-1.244382,10.959395,5.883499,-1.167280,-8.333902,-7.375147,-8.987195,8.564867,2.377702,1.490763,-8.827914,10.619369
-3.710475,8.430899,3.436466,5.677726,-6.906622,-8.995531,-7.193238,4.881836,2.440027,0.242111,-12.244682,9.791920
9.217044,-10.606002,-11.137360,-7.323666,-1.720555,-2.636167,-7.376364,-3.033058,2.724372,-9.390540,-6.128186,-4.612251
1.408532,5.916507,-7.693121,1.688749,2.243643,-14.114201,3.007603,-5.805860,-8.658726,10.761112,7.967853,6.840947
8.559391,-5.830704,-7.580202,-5.146849,-3.095883,1.209074,-1.198543,-4.251203,7.013802,-4.841609,-2.711453,-2.449165
7.067921,-7.936468,-5.895805,-4.261023,-5.587279,3.344120,-1.544512,-5.950956,4.232322,-7.783711,-2.638077,-3.256280
-0.649648,5.486464,-4.352847,0.076670,-1.668126,-9.573227,0.206573,-6.430358,-5.830614,5.498860,7.712195,5.062561
-2.966397,7.025587,-0.484788,1.591114,-2.054396,-5.310901,-8.876849,6.797741,2.067232,5.255690,-11.949936,11.626840
-3.180767,12.352329,4.120696,-1.033116,-7.371113,-7.425557,-14.232101,7.214933,1.560431,5.553864,-5.890398,11.651327
-2.149409,11.798291,6.476512,-1.167832,-8.858883,-4.998567,-10.803303,6.874257,3.122404,2.224763,-9.377559,6.730146
-0.209946,5.123557,-7.683526,-1.200285,1.419216,-16.273162,0.748318,-8.341147,-7.633402,7.366657,8.882413,9.252500
-0.259147,6.655023,-4.827246,-5.018967,4.581070,-10.546465,3.524033,-5.107370,-10.452362,10.298631,8.541654,2.025193
8.789583,-3.209433,-6.585126,-7.108396,-4.026996,1.171044,0.421508,-4.166957,3.474830,-3.933403,-3.394488,-2.049457
-4.909790,8.345284,3.689988,0.666511,-3.348719,-6.070146,-11.360096,9.159247,6.266613,6.226382,-12.627050,8.429729
0.848274,5.672393,-11.915022,-0.998766,0.596459,-11.027502,2.395383,-7.427444,-10.348192,6.860110,7.881615,8.410945
3.857274,-4.570519,-7.811481,-6.722691,-4.819054,-1.083548,-1.375190,-4.606636,1.493342,-8.667046,-3.518058,0.634471
-4.517479,7.478691,4.570509,2.441599,-3.778626,-8.876818,-6.869683,6.895545,1.923373,5.511091,-11.833754,10.163017
1.396162,6.502458,-5.385579,-1.969839,-0.465591,-8.425982,-0.577315,-7.653273,-7.697133,7.013062,12.523353,8.615820
-0.833899,3.730201,-4.752770,0.187157,-0.128767,-4.589139,3.103757,-6.896039,-5.868559,12.661342,9.021942,6.862742
2.152227,7.996494,-8.231179,-2.050826,4.397659,-11.342264,3.169488,-7.821660,-5.464878,7.436861,11.599364,6.537664
6.526658,-7.250817,-5.529898,-3.997668,-3.961256,3.052279,0.804900,-6.328180,0.889478,-5.295048,-9.582332,-2.971675
3.968709,-4.888784,-7.726261,-4.396258,-1.927591,3.242957,-3.065873,-3.224686,3.501966,-8.158479,-5.700651,0.546278
-1.640127,3.164589,-6.343125,1.482895,-0.567227,-7.452766,0.451455,-7.555485,-7.637602,7.650838,9.387790,5.538565
0.289513,10.863553,4.759140,0.679296,-5.483181,-6.093139,-7.047941,8.593867,4.121406,3.090981,-6.953522,9.793396
0.479987,4.283246,-10.235912,-0.563113,1.974756,-9.622672,-0.166309,-10.220815,-9.727146,10.773022,11.825036,8.543374
-2.335103,8.416271,4.823400,-2.001968,-7.318971,-6.165884,-5.882540,6.286982,0.405313,3.157937,-7.757506,10.055699
-1.910562,6.537265,-4.689260,0.749078,3.839122,-7.919868,1.560785,-7.515230,-8.073324,10.125245,12.108329,8.550293
-3.569271,5.141191,-4.995850,1.340367,-1.951049,-9.327519,-0.615785,-4.786060,-7.130675,7.181656,7.780550,5.245413
-2.452673,3.746988,-7.019794,0.764434,4.819246,-13.165866,1.709440,-9.254874,-12.003453,10.911624,10.401890,7.066814
4.574721,-4.422480,-7.955774,-8.232037,-6.802364,-0.470691,-1.526530,-3.689234,4.139670,-6.156327,-4.538851,-3.069154
-2.688669,11.894521,3.287094,5.575051,-6.959943,-9.741660,-8.582119,5.961420,3.703587,2.856204,-10.480677,5.619116
9.289681,-7.502089,-5.108288,-6.890925,-4.231766,0.127421,-3.052446,-4.203615,2.111761,-6.727642,-3.988097,-1.076774
5.801656,-8.484453,-8.311744,-4.925054,-6.529895,-2.700616,-2.621150,-2.711506,1.843214,-8.139285,-4.068389,-6.164178
-3.486896,6.775051,4.921651,-1.563709,-6.233292,-7.175315,-9.770401,4.134117,3.049500,3.096050,-11.928144,3.653673
-1.574915,5.553666,-6.743763,1.898782,4.087667,-8.504885,1.472275,-6.672192,-8.659769,7.372851,10.470498,7.088032
5.439039,-4.757641,-5.288677,-5.047307,-7.303667,2.508342,-2.500498,-4.891073,7.512821,-6.606376,-4.929752,-7.083352
-4.715931,4.708505,5.417036,6.959169,-6.891769,-5.203128,-8.674669,7.125744,3.860453,3.580902,-9.053525,10.041593
-0.134426,14.193413,5.799145,2.624762,-6.490859,-7.586442,-8.161360,6.732720,2.359222,6.796647,-11.601395,11.677954
8.394502,-7.685531,-6.522278,-6.932842,-5.926358,1.215457,-2.436391,-2.864610,0.096675,-3.772042,-5.949772,-2.234158
5.404783,-4.587743,-5.369753,-4.192367,-6.314550,-4.137159,0.354929,-5.831810,-1.799918,-6.919995,-2.570756,-2.916877
-2.412154,7.352386,5.180792,1.872693,-7.357523,-8.695237,-9.991870,8.834305,3.024135,2.206341,-9.389646,10.900971
-0.675024,6.316214,-5.821269,2.770414,2.095150,-11.987418,5.411157,-5.848837,-9.877476,6.470907,10.104469,5.933603
0.945889,9.886933,4.715886,2.213232,-5.652591,-8.925695,-9.353081,3.986355,2.820746,5.455843,-10.554683,12.546171
-1.877503,7.041690,-2.268391,-1.223907,-1.481959,-13.074472,1.849961,-7.915847,-8.283247,9.242906,6.106207,2.538179
8.232571,-6.894499,-4.658563,-8.790277,-1.010920,0.523427,-2.553922,-4.773781,3.854896,-8.379033,-5.655822,-3.115836
4.812901,-2.290879,-7.634320,-6.414495,-2.803111,-0.687441,-5.054246,-5.032726,4.295939,-7.883913,-5.849976,-0.821419
0.486077,7.596673,-4.798421,-0.535370,1.706618,-8.888742,2.366296,-4.593082,-7.411631,13.132398,13.725579,6.327246
7.778538,-2.481622,-6.805586,-6.193170,-3.529961,5.279348,-5.559812,-2.808971,2.007453,-6.076579,-5.471852,-2.770693
7.205550,-6.771645,-8.056220,-7.501725,-4.872672,1.214080,3.337052,-5.607504,1.403807,-7.336369,-3.365509,-2.145662
-2.766273,5.250588,3.542429,2.158859,-6.559914,-8.935460,-6.306912,5.591173,3.961215,5.015840,-10.880765,12.948819
10.058037,-7.969443,-4.411419,-3.532937,-5.172464,-0.059899,-3.433718,-4.582339,2.163878,-5.890823,-1.976740,-4.168955
4.921866,-5.815625,-6.327467,-5.386649,-6.648872,1.680263,-6.769883,-5.435186,1.260510,-5.943469,-4.111845,-5.483889
-1.514917,6.904985,-7.818955,0.568649,2.475738,-12.040201,3.367431,-3.897648,-9.048264,11.698047,8.933254,7.867116
-4.688464,7.444762,3.898863,-0.837964,-6.848391,-5.075555,-10.653840,10.362091,3.043884,6.222613,-10.903979,11.107247
9.202784,-5.077171,-8.777544,-8.482535,-0.562369,-1.395885,-3.667801,-1.900788,2.914164,-9.085974,-3.723857,-4.724269
4.797073,-5.980551,-6.650820,-6.662071,-3.851636,0.646476,-2.225690,-1.629988,-0.101903,-8.652063,1.402820,-4.748746
-2.114613,9.636903,8.039794,4.116256,-6.498356,-4.997488,-10.903376,8.119377,5.640913,3.725360,-11.283578,8.094019
-0.488446,6.778477,-7.163444,0.129700,1.731431,-7.418185,0.018833,-6.692602,-4.874957,11.305831,12.010999,6.216811
3.506548,-3.590190,-6.288417,-4.148299,-4.055596,-4.549427,-1.665034,-2.055130,0.449566,-7.986053,-4.509374,-8.471791
-1.319689,10.721117,6.157736,2.535553,-6.671225,-7.005296,-10.346257,6.762173,-1.363613,3.964772,-11.565492,7.191018
-0.152592,2.261364,-6.723332,-2.165311,4.201358,-10.238436,-0.020598,-6.529925,-9.979277,11.945199,7.843019,3.369490
9.709522,-7.309407,-4.019880,-3.335715,-5.547465,-2.414981,-0.757178,-5.270232,5.974264,-7.140508,-5.761506,-4.967082
4.565224,7.392431,-3.803049,1.268676,-1.364222,-8.281076,4.296756,-8.296316,-6.768315,10.386383,13.016721,5.332381
2.374261,6.175605,-6.778570,-1.546821,2.347510,-13.952400,1.782319,-7.001197,-11.427910,7.121179,10.931956,6.629370
9.991548,-7.555969,-5.352030,-6.505312,-1.399917,1.307241,-1.830948,-5.962447,3.832759,-10.957005,-2.865326,-4.870853
-3.409223,11.528585,3.569209,2.690077,-8.341540,-5.364266,-7.467312,11.020741,1.671172,5.498761,-9.392175,11.989941
-2.411477,9.095470,3.235895,0.647368,-9.684838,-3.380956,-11.326054,5.937713,0.585486,5.951300,-10.178209,11.893681
-1.329587,6.294543,-7.124116,-0.339455,1.172661,-10.325833,4.608610,-5.667361,-8.197712,10.594853,8.783929,4.619539
-1.233095,10.015975,1.037763,0.887822,-8.455195,-8.121805,-9.174615,6.379342,-1.936299,5.657272,-11.733796,9.876691
-2.480651,7.106407,3.825806,3.345807,-6.667838,-5.711284,-4.885447,4.195040,5.256725,4.370163,-11.385878,6.737570
0.989970,11.777194,2.055353,3.352585,-7.885577,-6.353135,-8.249879,6.854707,0.454769,2.780369,-11.420694,7.734553
-1.630195,10.572159,5.555425,5.322155,-6.890819,-5.542626,-11.021730,6.549324,3.413376,5.859656,-10.176244,9.254999
-0.606098,6.971961,5.586823,1.437888,-5.186086,-11.134564,-9.036516,6.117882,2.886826,5.101540,-11.003562,7.973849
-2.389332,9.569040,7.361196,-0.644471,-12.918652,-6.512411,-5.237305,9.801416,2.441619,3.178179,-7.974065,7.451105
-2.381291,8.743703,-5.744286,2.054374,5.950785,-10.458601,1.952268,-7.134371,-12.608154,8.356917,11.074765,7.249126
2.060968,4.458979,-9.687057,2.941021,0.839695,-10.286640,-1.379878,-3.107635,-11.277929,9.094610,11.137881,7.011381
8.304970,-3.611057,-10.512473,-6.375980,-1.671432,0.121771,0.097028,-3.473086,2.920378,-7.752753,-6.590269,-4.915823
-2.548037,8.407927,6.239763,-1.259452,-8.986992,-9.015715,-6.937713,10.744750,1.813402,3.823808,-9.448206,11.721954
-2.397748,11.202669,1.254950,5.032270,-7.195643,-7.733872,-10.862537,4.013810,3.668641,4.308087,-12.168232,6.808039
1.343222,2.701915,-6.652676,2.955830,3.798692,-8.332464,-0.860768,-6.689338,-9.878799,9.639789,7.693947,4.116500
6.542639,-6.855181,-6.027470,-4.441487,-2.913492,-1.261819,0.123818,-5.450592,2.670424,-7.816823,-4.594840,-1.140277
2.193522,6.898595,-7.429131,0.518937,2.320739,-10.949303,1.382122,-7.001052,-5.487728,4.816230,11.724278,4.294356
-0.402258,4.021975,-5.565263,-0.419487,2.497808,-7.909856,4.569358,-6.638091,-5.421047,10.793756,7.897762,10.587658
-1.192109,13.034695,4.285984,0.376575,-9.638266,-8.341970,-8.904582,10.912639,0.987078,4.609027,-9.621156,11.774984
-1.085526,4.724378,-5.922733,5.558027,4.155297,-6.745844,3.021990,-6.256547,-13.491133,7.619750,8.351492,2.418163
1.245735,5.056489,-5.977950,2.106578,5.074248,-7.612518,1.984553,-3.834847,-13.082925,6.133242,10.675909,6.196164
7.669168,-3.208077,-6.110872,-7.270172,-5.900887,-2.395282,-0.028560,-3.019460,3.391785,-7.467442,-1.343238,-3.641000
-3.845379,10.998371,4.289959,0.461679,-5.806608,-8.677046,-8.781965,7.305285,4.194091,5.110848,-9.638364,11.033730
-3.885498,13.519158,6.603410,1.323507,-11.878439,-2.298224,-11.617473,4.032725,4.067441,9.040956,-6.819764,10.526015
4.556611,-4.806403,-5.781606,-4.416231,-5.496919,0.563145,-4.091143,-2.772428,3.274800,-6.218513,-4.153869,-1.843217
-0.619864,0.942041,-9.665888,1.516623,3.922654,-10.891965,1.662840,-6.000079,-7.312533,4.922356,7.540560,5.502788
-1.042389,7.685901,-4.511634,0.880441,2.748603,-9.279709,5.701879,-9.547910,-8.419665,9.107760,10.939201,4.480239
2.488029,6.489056,-8.182022,0.036904,-0.388756,-7.785281,-0.551684,-7.189775,-10.707644,9.231360,8.579957,6.521471
5.225928,-6.522132,-7.185551,-4.288664,-4.672675,4.660449,-0.499375,-6.726783,1.979965,-8.513473,-8.545872,0.526179
7.252253,-5.402145,-10.051088,-8.112545,-4.043311,1.567710,-5.753355,-4.499665,2.523155,-5.510899,-2.771392,-1.507620
7.538400,-7.404525,-6.064774,-5.603629,-3.900798,-3.677827,-1.040120,0.249645,1.516979,-8.666277,-3.410410,-2.048007
3.434099,4.942130,-6.758492,-0.837489,0.869463,-14.561591,2.960968,-8.280622,-11.919494,10.484091,7.148605,5.490609
6.928627,-3.760981,-9.143945,-6.016387,-6.109892,-2.458721,-2.839842,-1.791619,4.137090,-6.724113,-7.222508,-3.065324
-1.736562,7.633059,-3.406550,2.205299,-1.740092,-6.904701,-1.526140,-4.793283,-9.434537,10.382777,6.647744,8.510282
4.537574,-6.460589,-8.828363,-4.426986,-0.536777,3.834974,1.086798,-4.570658,1.506576,-10.552462,-0.085360,-1.734807
0.718225,9.921355,4.151566,3.901344,-4.500686,-9.335325,-7.643528,8.725868,1.427173,6.912865,-9.888421,9.649350
11.005977,-5.364551,-6.658181,-4.404059,-3.416253,1.293585,3.623268,-4.725660,1.601536,-6.976966,-2.014075,-5.685831
5.813992,-5.065110,-5.666817,-8.127570,-4.890566,2.643795,-0.368299,-0.025287,4.597314,-4.921537,-6.932844,-1.145042
-1.679467,9.940863,4.726908,3.089449,-11.938747,-7.473325,-8.355684,5.021495,2.794947,3.752509,-6.077359,12.544236
-3.421697,3.397351,-4.070935,1.082673,3.948389,-8.421675,2.436878,-10.041539,-9.239702,8.922942,13.218855,7.541860
5.960725,-6.502286,-8.323352,-10.246587,-5.251441,0.881888,-4.057454,-4.144053,6.037595,-5.164010,-0.870024,-1.890507
2.717741,-6.927448,-9.631347,-7.181572,-2.910156,-1.286369,-4.214753,-4.036743,3.962145,-10.600070,-2.516642,-1.038151
-0.665595,9.979662,5.480068,3.186871,-2.766540,-9.141886,-7.891064,5.470761,3.133326,2.324079,-10.423044,8.808017
8.707679,-4.159814,-6.333135,-8.281523,-2.623980,0.533891,-6.001731,-2.610158,2.188592,-4.805220,-6.347648,-9.026171
-1.007276,4.793176,-3.975269,0.659608,1.953206,-7.511334,1.400679,-3.452480,-10.275063,10.291569,12.180306,3.413356
7.685056,-6.811620,-8.102075,-6.353644,-3.640450,6.331476,-1.729391,-6.435775,2.783079,-11.359403,-4.341021,-2.640713
9.886428,-4.921565,-8.797294,-3.605157,-5.125468,2.315966,1.786369,-3.262041,-0.755260,-9.046547,-1.511618,-3.011009
-3.722598,9.436854,7.040037,0.989365,-10.632733,-5.640687,-10.109053,4.944190,0.773609,3.792401,-10.797799,4.987065
-1.140823,4.548451,-4.612048,-0.410361,-0.464819,-6.508514,4.583792,-6.278494,-11.224698,6.518658,9.527099,5.168205
7.730670,-4.000879,-7.700191,-6.454061,-6.032036,-4.500993,-0.960180,-2.957606,2.761192,-11.109246,-4.858806,-7.109459
-4.858493,6.368273,-6.759369,0.916825,3.016057,-6.502782,-0.863555,-7.702953,-7.841446,10.518638,13.699540,8.079355
7.505486,-5.598905,-7.551123,-6.663173,-3.758001,-3.762340,-0.444763,-6.134860,-0.069607,-10.584811,-7.744892,-5.383658
-2.010580,11.104463,4.929655,2.020976,-7.582456,-3.753283,-10.475185,10.388258,3.022028,1.362839,-8.853012,5.198144
-0.720505,5.127207,-5.640499,-1.698365,2.058849,-8.769787,-0.855197,-4.598130,-10.461836,9.158330,11.641464,8.019300
8.061011,-6.238580,-8.416239,-3.871909,-5.844566,3.752066,-1.929869,-0.994253,3.594920,-7.484114,-5.195900,-3.354579
1.898729,5.988275,-5.243819,3.015742,0.588006,-7.922908,1.931169,-6.957691,-10.243353,12.308917,8.561641,7.566875
-2.588308,10.377288,4.696516,2.032682,-5.003060,-7.912199,-8.646086,6.398972,1.153308,3.543107,-9.144043,8.440700
-3.247752,9.301063,1.087408,2.790475,-8.938370,-9.585450,-11.883046,9.548900,0.763773,7.228907,-10.659913,5.983481
-2.141529,14.400353,5.339479,-0.034940,-7.070556,-10.432602,-8.999527,5.657411,3.853081,3.062371,-9.821842,8.127081
7.695299,-8.193859,-10.398178,-11.996562,-2.287193,0.752364,-1.812412,-1.397368,3.511707,-3.977523,-6.942578,-2.741864
3.864936,-2.345014,-6.593720,-7.023748,-2.136847,-1.748374,-2.894828,-4.039273,4.294596,-6.206753,-3.660457,-2.516528
3.693628,-5.238016,-2.579117,-8.099348,-5.461215,-1.246327,0.088084,-3.278446,1.919983,-9.046161,-3.972353,-5.802007
-1.035510,8.451631,4.773860,3.005048,-10.004719,-7.938215,-7.249798,4.814944,2.609416,1.448288,-8.655450,9.326914
6.280788,-10.728862,-6.807063,-4.393171,-5.177960,0.600181,-2.873001,-3.454534,1.804011,-9.088606,-1.492004,-0.814899
-2.564227,12.558789,7.962397,1.058977,-8.084051,-5.942561,-10.835099,7.927107,3.554461,6.615318,-9.788618,8.990850
6.522305,-7.072715,-4.395796,-6.080137,-4.868258,-2.114050,-3.148290,-7.458177,2.261505,-9.603454,-4.688228,0.067441
6.440167,-4.966604,-7.839615,-5.969407,-2.994612,0.884813,-3.400490,-3.762694,5.161450,-6.312851,-2.233133,-3.146787
9.432930,-5.530959,-3.727107,-9.048260,-4.801682,-0.082022,-1.590218,-4.007228,3.618880,-8.099736,-3.879050,-2.763009
-1.479102,16.719749,5.781660,4.244301,-4.971624,-5.577327,-9.468866,8.841461,0.476650,3.687814,-10.559037,9.561945
5.455063,-9.102157,-6.581547,-6.263159,-3.593976,3.219393,-1.833997,-4.414656,0.030689,-5.569016,-3.788489,-3.512819
-2.126999,9.107159,1.920167,3.465677,-5.588659,-2.553600,-9.453884,7.761824,2.521068,7.316358,-9.778901,9.956240
7.654342,-10.739759,-8.294830,-3.073577,-5.078719,-1.852631,-1.756975,-0.039605,-1.426307,-9.312743,-1.162244,1.042642
9.429363,-2.178525,-6.856171,-10.934853,-5.556913,-0.358480,-1.878977,-4.551136,4.474847,-4.661266,-4.500454,-0.475793
9.401846,-5.126954,-4.989369,-3.398828,-6.138316,0.423477,-2.424009,-7.311136,2.930478,-2.187010,-7.837263,-2.737324
5.654989,-6.118356,-8.343416,-6.401925,-5.537157,-1.732964,-0.843777,-3.749938,3.802805,-8.072374,-3.341001,-1.571168
9.878410,-6.397274,-3.712636,-9.145540,-2.743347,-0.978412,-4.191634,-3.738349,4.256001,-8.900006,-7.155139,-2.856453
-4.867277,11.389645,3.710644,2.375489,-6.313051,-7.397920,-7.664940,6.373716,3.764895,1.469492,-9.335551,13.276055
6.869923,-7.005848,-5.375373,-12.041163,-5.628859,-1.756979,-1.873781,-5.251513,3.832745,-10.928796,-4.066124,-1.556090
-1.448179,3.708989,-6.934233,-1.911684,0.950475,-9.883212,2.344407,-9.819017,-11.590004,9.701539,7.717764,8.317007
4.249402,-4.355378,-7.183103,-4.765192,-6.856134,-2.030411,-2.912849,-4.017489,0.954895,-5.892014,-2.103318,-1.473608
-3.856179,9.572274,2.969185,6.263468,-9.254824,-6.260468,-7.570774,8.151121,1.651725,3.901810,-9.500687,9.104193
-5.203450,7.071058,7.040707,0.659381,-8.973449,-5.806804,-6.466919,8.761430,4.014396,2.647861,-12.431931,12.400864
7.312148,-7.847533,-2.941443,-5.283989,-4.714955,-0.995207,-1.571035,-2.949836,2.186070,-7.644440,-4.040366,-3.880481
-2.377432,6.379051,-7.096699,3.918200,-0.690291,-5.998678,1.928259,-5.991346,-7.032653,7.717212,11.041137,0.752859
-1.641863,7.183771,-6.353613,1.116294,0.596745,-8.611143,3.706492,-8.054117,-7.136252,9.082456,11.403561,5.765107
-0.108667,7.300653,-3.764651,3.423946,1.713398,-6.683768,1.466287,-4.785335,-8.283991,9.869067,10.159656,2.958537
4.651971,-2.506704,-2.380760,-5.546083,-0.734348,-0.643168,-2.955327,-4.093568,3.106940,-7.998096,-3.081571,-2.059984
7.958804,-4.131620,-8.351226,-5.491527,-5.628152,0.690469,-3.890096,-7.761630,1.471424,-7.457581,-4.952466,-5.040824
7.102221,-6.876333,-7.469680,-4.940182,-1.568271,-0.049961,-2.042297,-3.175131,-0.476813,-6.763817,-3.053335,-1.312303
9.532743,-6.777966,-6.251773,-6.951209,-1.623100,-5.179884,-1.394320,-4.387055,1.329785,-3.757670,-5.931766,-1.129171
2.120120,5.279756,6.012399,-1.252262,-7.823491,-4.702208,-8.709768,5.168033,0.591693,5.520647,-11.049043,9.831114
-3.543775,11.832981,9.237675,1.247493,-7.770632,-3.973341,-5.679183,6.277803,1.181927,3.597882,-12.277211,7.560893
-3.807944,11.656894,7.479085,0.772323,-10.612707,-4.865082,-10.207587,8.904774,-1.917907,5.946646,-12.010654,10.859725
-4.595183,4.688131,-10.260191,0.347933,2.391659,-5.889400,2.392167,-4.501467,-7.531294,8.107214,6.494719,6.717952
3.573683,-6.043027,-7.255388,-6.105629,-4.641388,-3.519785,-2.137794,-4.786655,3.504380,-8.606522,-0.799758,-6.496044
7.701926,-6.708039,-7.663154,-6.163573,-3.889498,1.454783,-1.898391,-7.848137,1.371510,-5.622486,-4.751859,-3.165530
-5.613556,6.411060,-7.965125,0.611409,4.476441,-10.968489,4.273410,-7.456297,-5.192579,8.247406,7.631655,7.542424
-2.469911,8.502355,-6.479599,-2.338410,2.224438,-10.773353,3.481566,-2.170306,-10.272112,9.642455,5.801629,7.075757
-5.539580,11.748035,7.929814,1.475098,-5.726513,-6.257609,-2.680566,9.562673,1.766465,2.250371,-12.801203,9.805124
5.130911,-7.710699,-6.908321,-3.864461,-5.525346,0.872080,-2.674478,-4.696035,-0.783025,-7.651199,-4.544518,-1.592187
5.885874,-8.394205,-5.688537,-6.858525,-4.229205,-1.925193,1.821701,-2.421989,4.165370,-7.821012,-7.615473,1.233072
-1.915876,9.140247,-6.384905,0.112013,-2.583353,-9.461861,3.823865,-8.724963,-10.200409,10.563133,6.359326,8.283549
-1.064435,8.268620,8.093807,1.173897,-6.430258,-5.014928,-11.675059,3.801905,-1.029012,6.686620,-10.692026,14.514596
0.760879,5.312574,-5.412070,3.619202,-2.399694,-8.243759,6.422070,-6.025449,-5.397822,7.719286,9.248546,6.234996
-3.367573,6.603174,-7.421629,-0.792892,0.407867,-11.322302,2.068314,-9.538523,-6.805353,9.087717,10.157511,5.235570
-4.075704,8.370163,6.266913,-0.488559,-6.424707,-4.265824,-12.053294,7.692791,2.542066,5.725097,-12.062212,6.757284
-0.375848,11.352877,7.404197,3.270589,-7.213863,-6.586682,-6.425310,5.689652,2.759647,3.374774,-9.530820,11.955101
-3.182595,5.921685,-5.234584,-2.068601,3.704473,-12.611954,0.994670,-7.105535,-9.971416,7.847590,13.054790,4.466179
-1.550172,3.394251,-8.137890,-3.082776,1.633534,-5.859636,1.867572,-5.984872,-5.947774,8.169520,13.383704,10.152136
3.787190,-6.706325,-6.961141,-7.048399,-5.019678,-1.699159,3.222723,-0.440493,-0.087074,-4.045889,-4.956038,-2.414388
